UID,Name,Club,Position,Age,Average Transfer Value,Saves Parried,Saves Tipped,Saves Held,Save Percentage,Passes Completed per 90,Inteceptions per 90,Expected Save Percentage,Expected Goals pervented per 90,Average Rating,Games Win Ratio,Goals allowed Per 90,Total Saves Per 90,Key Passes Per 90,Passes attempted per 90,Pass Completion Ratio,Progressive Passes Per 90,Player Of The Match,Pens Saved Ratio,Salary
67201634,André Onana - Cameroonian,Man UFC - English Premier Division,GK,28,"£118,000,000.00",40.00,23.00,56.00,28.13,28.13,0.19,-0.07,-0.07,7.06,0.87,0.87,2.00,0,29.06,0.97,0.13,3.00,0.5,"110,000.00"
98040383,Gregor Kobel - Swiss,Borussia Dortmund - Bundesliga,GK,26,"£99,000,000.00",67.00,20.00,22.00,27.1,27.1,0,-0.15,-0.15,6.86,1.12,1.12,2.00,0,31.68,0.86,0.05,3.00,0,"150,000.00"
43140326,Alex Meret - Italian,Parthenope - Italian Serie A,GK,27,"£92,000,000.00",70.00,25.00,50.00,18.19,18.19,0.02,0.18,0.18,6.94,0.88,0.88,2.00,0,24.82,0.73,0.35,2.00,0.2,"80,000.00"
28054565,Jordan Pickford - English,Everton - English Premier Division,GK,30,"£67,000,000.00",64.00,25.00,89.00,12.9,12.9,0.07,0.04,0.04,6.85,1.44,1.44,4.00,0,22.07,0.58,1.71,1.00,0.27,"150,000.00"
67183918,Álex Remiro - Spanish,Real San Sebastián - Spanish First Division,GK,29,"£69,000,000.00",83.00,28.00,38.00,30.97,30.97,0,0.15,0.15,6.93,1.04,1.04,3.00,0,33.8,0.92,0.07,5.00,0,"36,500.00"
67200923,Unai Simón - Spanish,A. Bilbao - Spanish First Division,GK,26,"£57,500,000.00",57.00,23.00,28.00,23.29,23.29,0,0.33,0.33,6.78,0.97,0.97,3.00,0,27.59,0.84,0.03,1.00,0,"54,000.00"
2000094715,Guillaume Restes - French,Toulouse FC - Ligue 1 Uber Eats,GK,19,"£52,000,000.00",77.00,34.00,63.00,19.01,19.01,0,0.25,0.25,6.66,1.36,1.36,4.00,0,25.78,0.74,0.22,3.00,0.5,"11,000.00"
67283140,Filip Jörgensen - Swedish,Villarreal - Spanish First Division,GK,22,"£50,500,000.00",77.00,33.00,37.00,22.48,22.48,0.02,0.1,0.1,6.75,1.21,1.21,3.00,0,28.79,0.78,0.13,0.00,0,"26,000.00"
43094150,Ivan Provedel - Italian,Lazio - Italian Serie A,GK,30,"£49,500,000.00",81.00,19.00,41.00,28.14,28.14,0,0.01,0.01,6.91,1.06,1.06,2.00,0.02,31.47,0.89,0.06,4.00,0.4,"30,500.00"
71101334,Anatolii Trubin - Ukrainian,Benfica - Portuguese Premier League,GK,22,"£49,000,000.00",49.00,24.00,27.00,23.57,23.57,0.03,0.21,0.21,7,0.89,0.89,2.00,0,28.34,0.83,0.2,1.00,0,"25,500.00"
49040115,Illan Meslier - French,Leeds - Sky Bet Championship,GK,24,"£38,500,000.00",57.00,27.00,27.00,20.36,20.36,0.07,0.17,0.17,6.97,0.8,0.8,2.00,0.02,25.57,0.8,0.04,3.00,1,"45,500.00"
59138294,Giorgi Mamardashvili - Georgian,Valencia - Spanish First Division,GK,23,"£38,500,000.00",80.00,21.00,24.00,27.51,27.51,0,0.24,0.24,6.69,1.29,1.29,3.00,0,30.51,0.9,0,1.00,0.38,"28,000.00"
83169226,Diogo Costa - Portuguese,FC Porto - Portuguese Premier League,GK,24,"£38,000,000.00",47.00,15.00,32.00,25.37,25.37,0,0.14,0.14,7.12,0.91,0.91,2.00,0.03,30.4,0.83,0.21,5.00,0,"30,500.00"
67157624,Kepa Arrizabalaga - Spanish,R. Madrid - Spanish First Division,GK,29,"£37,500,000.00",69.00,28.00,38.00,25.83,25.83,0.08,0.05,0.05,7.01,0.89,0.89,2.00,0.02,27.58,0.94,0,0.00,1,"220,000.00"
92056834,Mark Flekken - Dutch,Brentford - English Premier Division,GK,30,"£35,000,000.00",60.00,33.00,69.00,14.88,14.88,0.09,0.06,0.06,6.87,1.26,1.26,3.00,0,22.98,0.65,0.86,2.00,0.4,"35,000.00"
52094936,Gavin Bazunu - Irish,Southampton - Sky Bet Championship,GK,22,"£34,000,000.00",61.00,15.00,38.00,18.42,18.42,0.07,0.06,0.06,6.86,0.91,0.91,2.00,0,25.47,0.72,0,2.00,0.33,"24,000.00"
49048357,Lucas Chevalier - French,LOSC - Ligue 1 Uber Eats,GK,22,"£30,000,000.00",101.00,32.00,43.00,23.01,23.01,0.06,0.35,0.35,6.87,0.99,0.99,3.00,0.02,27.3,0.84,0.04,6.00,0.25,"10,000.00"
67178152,Pau López - Spanish,OM - Ligue 1 Uber Eats,GK,29,"£26,500,000.00",69.00,21.00,33.00,27.53,27.53,0,0.22,0.22,6.83,0.99,0.99,2.00,0,31.5,0.87,0.02,3.00,0.17,"64,000.00"
85073883,Brice Samba - French,RC Lens - Ligue 1 Uber Eats,GK,30,"£22,500,000.00",66.00,25.00,48.00,19.02,19.02,0.05,0.01,0.01,6.79,1.38,1.38,3.00,0.02,24.36,0.78,0.45,0.00,0,"25,500.00"
70097314,Uğurcan Çakır - Turkish,Trabzonspor - Turkish Super League,GK,28,"£23,500,000.00",49.00,15.00,29.00,19.88,19.88,0,0.46,0.46,7.12,0.79,0.79,2.00,0,27.79,0.72,0,3.00,0,"68,000.00"
2000175080,Dennis Seimen - German,VfB Stuttgart II - German Regional Division Southwest,GK,18,"£23,500,000.00",56.00,27.00,31.00,16,16,0,0.2,0.2,6.95,1.12,1.12,3.00,0,23,0.7,0,5.00,0,"6,500.00"
14048328,Juan Musso - Argentinian,Atalanta - Italian Serie A,GK,30,"£23,250,000.00",57.00,24.00,26.00,18.16,18.16,0.02,0.11,0.11,6.99,0.93,0.93,2.00,0.02,23,0.79,0.16,5.00,0,"52,000.00"
91188349,Noah Atubolu - German,SC Freiburg - Bundesliga,GK,22,"£12,500,000.00",74.00,31.00,46.00,17.97,17.97,0,0.05,0.05,6.75,1.28,1.28,3.00,0.05,25.07,0.72,0.29,4.00,0.4,"20,500.00"
62076152,Predrag Rajković - Serbian,Mallorca - Spanish First Division,GK,28,"£13,750,000.00",68.00,29.00,40.00,16.22,16.22,0,0.32,0.32,6.79,1.07,1.07,3.00,0.03,24.42,0.66,0.1,1.00,0.25,"34,500.00"
93024808,Jacob Rinne - Swedish,Al-Fateh - Saudi Professional League,GK,30,"£11,700,000.00",54.00,13.00,23.00,16.09,16.09,0,0.3,0.3,7.1,0.69,0.69,2.00,0,22.96,0.7,0,5.00,0,"47,000.00"
28100724,Daniel Grimshaw - English,Blackpool - Sky Bet League One,GK,26,"£96,500,000.00",65.00,23.00,40.00,16.73,16.73,0.04,0.25,0.25,7.01,0.8,0.8,2.00,0,25.25,0.66,0,12.00,0.25,"5,000.00"
85068996,Paul Nardi - French,AA Gent - Jupiler Pro League,GK,30,"£9,100,000.00",89.00,20.00,36.00,15.64,15.64,0,0.34,0.34,6.94,0.88,0.88,2.00,0.02,21.97,0.71,0,9.00,1,"8,250.00"
55067163,Rui Silva - Portuguese,Real Hispalis - Spanish First Division,GK,30,"£9,100,000.00",88.00,29.00,43.00,22.75,22.75,0,0.08,0.08,6.64,1.26,1.26,3.00,0,30.85,0.74,0.12,2.00,0,"18,750.00"
29233537,Sam Tickle - English,Wigan - Sky Bet League One,GK,22,"£8,100,000.00",93.00,18.00,31.00,15.84,15.84,0,0.08,0.08,6.95,1.01,1.01,2.00,0,25.79,0.61,0,6.00,0,"9,500.00"
61044916,Liam Kelly - Scottish,Motherwell - cinch Premiership,GK,28,"£7,700,000.00",50.00,19.00,21.00,16.16,16.16,0,0.22,0.22,6.95,0.81,0.81,2.00,0.03,23.45,0.69,0,3.00,0,"3,100.00"
55082016,André Moreira - Portuguese,Al-Raed - Saudi Professional League,GK,28,"£8,650,000.00",54.00,25.00,22.00,15.66,15.66,0,0.17,0.17,6.8,0.93,0.93,2.00,0,23.34,0.67,0,3.00,0,"53,000.00"
98029123,Seny Dieng - Senegalese,Middlesbrough - Sky Bet Championship,GK,29,"£6,400,000.00",82.00,26.00,37.00,18.03,18.03,0,0.27,0.27,6.94,1.02,1.02,3.00,0.05,24.84,0.73,0.05,8.00,0.75,"15,000.00"
78074060,Ignacio de Arruabarrena - Uruguayan,Arouca - Portuguese Premier League,GK,27,"£7,300,000.00",78.00,39.00,38.00,25.06,25.06,0,0.35,0.35,6.71,1.17,1.17,3.00,0.02,31.74,0.79,0.15,6.00,0.25,"15,000.00"
92071859,Philipp Köhn - Swiss,AS Monaco - Ligue 1 Uber Eats,GK,26,"£6,500,000.00",39.00,13.00,20.00,24.64,24.64,0,0.07,0.07,6.76,0.99,0.99,2.00,0,28.47,0.87,0,2.00,0,"14,750.00"
43161669,Michele Di Gregorio - Italian,Brianza - Italian Serie A,GK,26,"£6,200,000.00",83.00,28.00,30.00,26.5,26.5,0,-0.29,-0.29,6.54,1.5,1.5,3.00,0,28.85,0.92,0,3.00,0.29,"21,500.00"
93060236,Viktor Johansson - Swedish,Rotherham - Sky Bet Championship,GK,25,"£5,600,000.00",78.00,35.00,43.00,14.84,14.84,0,0.18,0.18,6.59,1.33,1.33,3.00,0,24.67,0.6,0.13,0.00,0,"6,500.00"
93087487,Leopold Wahlstedt - Swedish,Blackburn - Sky Bet Championship,GK,24,"£3,450,000.00",69.00,26.00,40.00,20.61,20.61,0,0.36,0.36,6.87,1.05,1.05,3.00,0,25.63,0.8,0,3.00,0,"10,000.00"
85057316,Mory Diaw - Senegalese,Clermont - Ligue 1 Uber Eats,GK,30,"£4,700,000.00",70.00,19.00,24.00,16.92,16.92,0.03,0.2,0.2,6.7,1.24,1.24,3.00,0,22.82,0.74,0.03,2.00,0.33,"12,250.00"
28110962,Anthony Patterson - English,Sunderland - Sky Bet Championship,GK,24,"£4,550,000.00",74.00,28.00,49.00,18.06,18.06,0.06,0.03,0.03,6.76,1.26,1.26,3.00,0,26.47,0.68,0.21,3.00,0,"13,000.00"
92071481,Finn Dahmen - German,Augsburg - Bundesliga,GK,26,"£5,150,000.00",62.00,21.00,37.00,20.05,20.05,0,-0.15,-0.15,6.72,1.27,1.27,3.00,0,28.16,0.71,0.08,2.00,0.2,"19,750.00"
43094480,Wladimiro Falcone - Italian,Salento - Italian Serie A,GK,29,"£3,100,000.00",89.00,24.00,35.00,21.75,21.75,0,-0.14,-0.14,6.64,1.4,1.4,3.00,0,28.8,0.76,0.03,2.00,0,"18,250.00"
95078185,Nicholas Bilokapic - Australian,Peterborough - Sky Bet League One,GK,21,"£3,900,000.00",62.00,19.00,34.00,13.3,13.3,0.02,0.16,0.16,6.83,1.06,1.06,2.00,0,21.27,0.63,0.02,7.00,0.4,"4,200.00"
2000070509,Tjark Ernst - German,Hertha BSC - Bundesliga 2,GK,21,"£3,400,000.00",57.00,13.00,21.00,15.98,15.98,0,0.1,0.1,6.87,1.04,1.04,2.00,0,23.78,0.67,0,4.00,0.6,"4,100.00"
23359977,Yousef Hassan - Qatari,Al-Gharafa - Qatar Stars League,GK,28,"£300,000.00",58.00,20.00,15.00,15.7,15.7,0,0.11,0.11,6.74,0.91,0.91,2.00,0,22.94,0.68,0,2.00,0,"17,500.00"
43095801,Andrea Fulignati - Italian,Catanzaro - Italian Serie B,GK,29,"£2,150,000.00",85.00,33.00,38.00,16.12,16.12,0,0.23,0.23,6.87,1.12,1.12,3.00,0,23.79,0.68,0.02,3.00,0.3,"7,500.00"
67248341,Dani Martín - Spanish,F.C. Andorra - Spanish Second Division,GK,25,"£1,800,000.00",80.00,22.00,37.00,15.38,15.38,0,0.23,0.23,6.7,0.99,0.99,3.00,0,23.38,0.66,0,2.00,0,"7,750.00"
91108114,Marvin Schwäbe - German,1. FC Köln - Bundesliga,GK,29,"£1,150,000.00",66.00,28.00,27.00,20.68,20.68,0.03,0.11,0.11,6.66,1.31,1.31,3.00,0,28.66,0.72,0.05,1.00,0.5,"27,000.00"
18089257,Arnaud Bodart - Belgian,Standard - Jupiler Pro League,GK,26,"£5,250,000.00",53.00,21.00,15.00,16.08,16.08,0,0.27,0.27,6.8,0.96,0.96,2.00,0,23.49,0.68,0,4.00,0.33,"10,250.00"
91177089,Luca Unbehaun - German,SC Verl - 3. Liga,GK,23,"£1,100,000.00",56.00,16.00,31.00,15.72,15.72,0,0.22,0.22,6.63,1.23,1.23,2.00,0,23.19,0.68,0,3.00,1,"11,250.00"
29108190,Joe Wildsmith - English,Derby - Sky Bet League One,GK,28,"£4,525,000.00",46.00,16.00,19.00,14.08,14.08,0,0.06,0.06,6.88,0.87,0.87,2.00,0.02,24.62,0.57,0,4.00,0,"7,250.00"
48043476,Yahia Fofana - Ivorian,Angers SCO - Ligue 2 BKT,GK,23,"£3,075,000.00",56.00,16.00,31.00,15.49,15.49,0,0.19,0.19,6.73,1.17,1.17,3.00,0.03,22.13,0.7,0,1.00,0.25,"8,750.00"
18107187,Maarten Vandevoordt - Belgian,KRC Genk - Jupiler Pro League,GK,22,"£2,425,000.00",96.00,28.00,24.00,18.69,18.69,0,0.21,0.21,6.82,0.96,0.96,2.00,0,24.72,0.76,0.04,5.00,0.6,"10,750.00"
85133818,Gautier Larsonneur - French,ASSE - Ligue 2 BKT,GK,27,"£2,587,500.00",60.00,19.00,36.00,14.75,14.75,0.02,0.03,0.03,6.74,1.19,1.19,2.00,0,22.68,0.65,0,3.00,0.29,"9,250.00"
67211705,Carlos Marín - Spanish,Córdoba - Spanish Federation First Division B,GK,27,"£2,262,500.00",58.00,15.00,20.00,14.93,14.93,0,0.26,0.26,6.9,0.9,0.9,2.00,0,22.02,0.68,0,4.00,0.33,"8,250.00"
19352200,Brenno - Brazilian,Bari - Italian Serie B,GK,25,"£862,500.00",77.00,28.00,32.00,13.46,13.46,0,0.22,0.22,6.85,1.06,1.06,3.00,0.03,23.73,0.57,0,2.00,0.2,"7,000.00"
62177261,Žiga Frelih - Slovenian,Olimpija - Slovenian First League,GK,26,"£3,400,000.00",31.00,10.00,12.00,12.7,12.7,0,0.01,0.01,7.15,1.35,1.35,1.00,0,20.51,0.62,0,2.00,0,"1,500.00"
43392090,Semuel Pizzignacco - Italian,FeralpiSalò - Italian Serie B,GK,22,"£800,000.00",69.00,21.00,44.00,12.9,12.9,0,0.21,0.21,6.73,1.26,1.26,3.00,0.03,21.74,0.59,0.03,5.00,0,"4,600.00"
19202603,John - Brazilian,Valladolid - Spanish Second Division,GK,28,"£2,087,500.00",49.00,14.00,20.00,15.76,15.76,0,0.6,0.6,6.98,0.73,0.73,2.00,0.03,23.59,0.67,0,5.00,0.5,"1,200.00"
2000062888,Pablo Cuñat - Spanish,Amorebieta - Spanish Second Division,GK,22,"£2,087,500.00",58.00,25.00,35.00,18.36,18.36,0,0.01,0.01,6.47,1.47,1.47,3.00,0,25.96,0.71,0,1.00,0,"1,900.00"
47022611,Stole Dimitrievski - Macedonian,Vallecano - Spanish First Division,GK,30,"£2,037,500.00",70.00,20.00,23.00,29.64,29.64,0,-0.35,-0.35,6.52,1.6,1.6,3.00,0,32.31,0.92,0,2.00,0.33,"12,250.00"
2000065824,Mio Backhaus - German,FC Volendam - Eredivisie,GK,20,"£1,975,000.00",78.00,29.00,36.00,15.43,15.43,0,0.31,0.31,6.65,1.24,1.24,3.00,0,25.71,0.6,0,3.00,0,"2,500.00"
2000110749,Eric Puerto - Spanish,Antequera - Spanish Federation First Division B,GK,21,"£725,000.00",67.00,23.00,31.00,15.95,15.95,0,0.13,0.13,6.75,1.22,1.22,3.00,0,25.45,0.63,0,3.00,0,"4,700.00"
19249507,Ronaldo - Brazilian,ATG - Brazilian National Second Division,GK,27,"£1,762,500.00",31.00,13.00,22.00,17.53,17.53,0,0.17,0.17,6.97,0.56,0.56,1.00,0,23.12,0.76,0,2.00,0,"4,500.00"
25034256,Ondřej Kolář - Czech,Slavia Prague - Czech First Division,GK,29,"£1,762,500.00",31.00,3.00,9.00,12.4,12.4,0,0.13,0.13,6.89,1.05,1.05,1.00,0,21.24,0.58,0,1.00,0,"7,000.00"
67247577,Sergi Puig - Spanish,Sestao - Spanish Federation First Division A,GK,25,"£662,500.00",67.00,23.00,24.00,12.7,12.7,0,0.03,0.03,6.82,1.1,1.1,2.00,0,21.01,0.6,0,2.00,0.25,"4,600.00"
23349233,Mohammad Hossein Akbar Monadi - Iranian,Malavan - Persian Gulf Premier League,GK,28,"£637,500.00",0.00,0.00,0.00,12.36,12.36,0,0,0,6.93,1.51,1.51,0.00,0,20,0.62,0,0.00,0,"5,000.00"
24046412,Adrian Šemper - Croatian,Como - Italian Serie B,GK,26,"£1,700,000.00",60.00,46.00,25.00,18.06,18.06,0,-0.1,-0.1,6.7,1.35,1.35,3.00,0,25.31,0.71,0,4.00,0.25,"9,250.00"
19270232,Hugo Souza - Brazilian,Chaves - Portuguese Premier League,GK,25,"£1,437,500.00",32.00,8.00,16.00,12.26,12.26,0,-0.08,-0.08,6.47,1.44,1.44,1.00,0.26,20.35,0.6,0,1.00,0.33,"4,300.00"
27113390,Peter Vindahl - Danish,Sparta Prague - Czech First Division,GK,26,"£1,425,000.00",23.00,9.00,16.00,14.11,14.11,0,0.16,0.16,7.03,0.84,0.84,1.00,0,22.11,0.64,0.03,0.00,0,"3,700.00"
2000256212,Callan McKenna - Scottish,Queen's Park - cinch Championship,GK,17,"£1,375,000.00",63.00,17.00,35.00,14.26,14.26,0,0.15,0.15,6.79,1.05,1.05,2.00,0,23.26,0.61,0,4.00,0.5,625.00
91206093,Jonas Kersken - German,Arminia Bielefeld - 3. Liga,GK,23,"£525,000.00",48.00,21.00,29.00,17.42,17.42,0,0.14,0.14,6.79,1.07,1.07,2.00,0,26.35,0.66,0,6.00,0.25,"4,900.00"
18089396,Gaetan Coucke - Belgian,KV Mechelen - Jupiler Pro League,GK,25,"£250,000.00",63.00,21.00,23.00,11.98,11.98,0,0.42,0.42,6.74,0.91,0.91,2.00,0,20.14,0.6,0,3.00,0,"4,300.00"
43061419,Mirko Pigliacelli - Italian,Palermo - Italian Serie B,GK,30,"£1,320,000.00",75.00,29.00,34.00,16.5,16.5,0,0.16,0.16,6.9,1.04,1.04,3.00,0.02,23.77,0.69,0,5.00,0.2,"11,750.00"
78095397,Guillermo Centurión - Uruguayan,Huelva - Spanish Federation First Division B,GK,22,"£495,000.00",51.00,16.00,20.00,15.38,15.38,0,-0.03,-0.03,6.64,1.15,1.15,2.00,0,24.17,0.64,0,2.00,0,"1,700.00"
67248425,Carlos Azón - Spanish,Tarazona - Spanish Federation First Division A,GK,23,"£435,000.00",92.00,24.00,37.00,10.77,10.77,0,0.36,0.36,6.68,1.13,1.13,4.00,0,19.97,0.54,0,3.00,0.33,"5,250.00"
19390625,Vinicius Machado - Brazilian,Nacional da Madeira - Portuguese Second League,GK,24,"£405,000.00",0.00,0.00,0.00,11.97,11.97,0,0,0,7.56,0.97,0.97,0.00,0,20,0.6,0,1.00,0,"1,400.00"
43022306,Alessandro Micai - Italian,Cosenza - Italian Serie B,GK,30,"£1,100,000.00",65.00,15.00,32.00,15,15,0,0.18,0.18,6.8,0.97,0.97,2.00,0,23.7,0.63,0,1.00,0,"6,000.00"
43425797,Filippo Rinaldi - Italian,Olbia - Italian Serie C/B,GK,21,"£400,000.00",84.00,19.00,32.00,10.85,10.85,0,0.31,0.31,6.69,1.13,1.13,3.00,0.03,22.51,0.48,0,0.00,0.2,950.00
43392121,Luca Lewis - American,Pontedera - Italian Serie C/B,GK,23,"£400,000.00",63.00,15.00,26.00,15.05,15.05,0,-0.18,-0.18,6.53,1.44,1.44,2.00,0,22.27,0.68,0,2.00,0.14,"1,900.00"
85142790,Enzo Basilio - French,EA Guingamp - Ligue 2 BKT,GK,29,"£1,045,000.00",57.00,17.00,29.00,12.74,12.74,0,0.44,0.44,6.83,0.99,0.99,3.00,0,21.28,0.6,0,4.00,0.33,"3,700.00"
85104572,Mouez Hassen - Tunisian,Club Africain - Ligue Professionnelle 1,GK,29,"£990,000.00",0.00,0.00,0.00,12.22,12.22,0,0,0,7.13,1.32,1.32,0.00,0,20.42,0.6,0,1.00,0,"3,100.00"
67117362,Alfonso Herrero - Spanish,Málaga - Spanish Federation First Division B,GK,30,"£990,000.00",51.00,9.00,26.00,15.26,15.26,0,0.14,0.14,6.83,0.87,0.87,2.00,0,24.32,0.63,0,3.00,0.25,"3,500.00"
89051923,Álvaro Valles - Spanish,Las Palmas - Spanish First Division,GK,26,"£990,000.00",83.00,27.00,29.00,27.78,27.78,0,0.15,0.15,6.64,1.26,1.26,3.00,0,31.95,0.87,0,2.00,0.75,"4,300.00"
42058059,Omri Glazer - Israeli,Crvena zvezda - Serbian SuperLeague,GK,28,"£935,000.00",5.00,5.00,13.00,13.18,13.18,0,-0.12,-0.12,7.21,1.39,1.39,0.00,0.03,21.03,0.63,0.18,0.00,0,"6,500.00"
37050135,Yanick van Osch - Dutch,SC Cambuur - Keuken Kampioen Divisie,GK,27,"£880,000.00",49.00,14.00,29.00,18.28,18.28,0,0.4,0.4,6.88,0.74,0.74,2.00,0,25.93,0.7,0,5.00,0,"1,500.00"
28095217,Owen Evans - Welsh,Walsall - Sky Bet League Two,GK,27,"£317,500.00",45.00,15.00,40.00,13.3,13.3,0,0.04,0.04,6.69,1.18,1.18,2.00,0.07,24.02,0.55,0.02,3.00,0.2,"1,100.00"
28101724,Shamal George - English,Livingston - cinch Premiership,GK,26,"£825,000.00",54.00,12.00,36.00,12.08,12.08,0,0.25,0.25,6.85,0.81,0.81,2.00,0,21.29,0.57,0,4.00,0.25,"1,300.00"
91184490,Stefan Drljaca - German,Dynamo Dresden - 3. Liga,GK,25,"£825,000.00",58.00,26.00,27.00,11.93,11.93,0,0.2,0.2,6.97,0.88,0.88,2.00,0.03,21.77,0.55,0,7.00,1,"11,000.00"
14118432,Marco Wolff - Israeli,Maccabi Petach-Tikva - Israeli Premier League,GK,27,"£770,000.00",0.00,0.00,0.00,11.94,11.94,0,0,0,6.63,1.39,1.39,0.00,0,20,0.6,0,0.00,0,"4,200.00"
67257952,Adri López - Spanish,Granada B - Spanish Federation First Division B,GK,25,"£715,000.00",76.00,24.00,32.00,14.66,14.66,0,0.01,0.01,6.52,1.53,1.53,3.00,0,25.39,0.58,0,2.00,0.29,"3,600.00"
23384682,Hossein Pourhamidi - Iranian,Tractor - Persian Gulf Premier League,GK,26,"£715,000.00",49.00,22.00,25.00,14.61,14.61,0,0.26,0.26,6.83,0.75,0.75,2.00,0.03,23.44,0.62,0,2.00,0.4,"8,250.00"
29137376,Harry Lewis - English,Bradford City - Sky Bet League Two,GK,26,"£715,000.00",95.00,25.00,22.00,17.67,17.67,0,0.04,0.04,6.79,1.12,1.12,2.00,0,26,0.68,0,4.00,0.5,"3,200.00"
85141367,Maxence Prévot - French,OH Leuven - Jupiler Pro League,GK,27,"£715,000.00",63.00,27.00,21.00,17.3,17.3,0,0.21,0.21,6.78,1.16,1.16,3.00,0.03,23.48,0.74,0,4.00,0.38,"3,800.00"
2000013557,Kevin Ibrahim - Beninese,TSV Steinbach - German Regional Division Southwest,GK,24,"£265,000.00",68.00,10.00,29.00,13.71,13.71,0,0.17,0.17,6.9,0.99,0.99,2.00,0,21.55,0.64,0,2.00,0,"2,900.00"
28118017,Aidan Stone - English,Notts Co - Sky Bet League Two,GK,24,"£252,500.00",58.00,14.00,26.00,14.12,14.12,0,0.06,0.06,6.79,0.94,0.94,2.00,0.03,22.7,0.62,0,5.00,0.25,"1,800.00"
23303284,Satea Al-Abbasi - Syrian,Qatar SC - Qatar Stars League,GK,30,"£660,000.00",64.00,24.00,22.00,11,11,0,0.21,0.21,6.48,1.4,1.4,3.00,0,20.14,0.55,0,2.00,0,"6,000.00"
43372028,Matteo Cardinali - Italian,Latina - Italian Serie C/C,GK,22,"£660,000.00",54.00,27.00,28.00,16.05,16.05,0,0.36,0.36,6.68,1.01,1.01,3.00,0,23.82,0.67,0,1.00,0,"1,800.00"
37057388,Etienne Vaessen - Dutch,RKC Waalwijk - Eredivisie,GK,28,"£660,000.00",77.00,29.00,33.00,13.16,13.16,0,0.08,0.08,6.51,1.4,1.4,3.00,0,23.23,0.57,0,1.00,0.25,"1,500.00"
24054986,Lovro Majkić - Croatian,Istra 1961 - Croatian First League,GK,24,"£660,000.00",20.00,14.00,8.00,12.48,12.48,0,0.02,0.02,6.82,1.28,1.28,1.00,0,20.6,0.61,0,0.00,1,"2,400.00"
67273626,Iván Martínez - Spanish,Unionistas - Spanish Federation First Division A,GK,22,"£605,000.00",67.00,26.00,27.00,14.12,14.12,0,0.16,0.16,6.71,1.17,1.17,3.00,0,21.78,0.65,0,0.00,0,"4,700.00"
16175067,Nicolas Kristof - Austrian,Elversberg - Bundesliga 2,GK,24,"£605,000.00",63.00,20.00,30.00,16.93,16.93,0,0.15,0.15,6.85,1.15,1.15,3.00,0,21.37,0.79,0,4.00,0.5,"4,600.00"
62176200,Lazar Carević - Montenegrin,Vojvodina - Serbian SuperLeague,GK,25,"£605,000.00",0.00,0.00,0.00,12.19,12.19,0,0,0,7.26,1.24,1.24,0.00,0,20,0.61,0,0.00,0,850.00
91166120,Ron-Thorben Hoffmann - German,Braunschweig - Bundesliga 2,GK,25,"£550,000.00",59.00,22.00,30.00,18.37,18.37,0,0.04,0.04,6.68,1.3,1.3,3.00,0,26.34,0.7,0,1.00,0.67,"5,250.00"
67280844,Salvi - Spanish,Leonesa - Spanish Federation First Division A,GK,23,"£550,000.00",57.00,17.00,20.00,16.63,16.63,0,0.17,0.17,6.97,0.93,0.93,2.00,0,22.95,0.72,0,5.00,0,"7,750.00"
18115881,Jordy Schelfhout - Belgian,Eendracht Aalst - Belgian Second Amateur Division VV A,GK,23,"£200,000.00",51.00,24.00,25.00,9.39,9.39,0,0.05,0.05,6.87,1.05,1.05,2.00,0.03,20.95,0.45,0,5.00,0.25,575.00
85136794,Axel Maraval - French,FC Rouen - French National,GK,30,"£522,500.00",55.00,17.00,30.00,11.77,11.77,0,0.3,0.3,6.7,1.07,1.07,2.00,0.06,21.37,0.55,0,2.00,1,"1,300.00"
29086052,Christy Pym - English,Mansfield - Sky Bet League Two,GK,29,"£495,000.00",75.00,17.00,30.00,13.93,13.93,0,0.12,0.12,6.79,1.01,1.01,2.00,0.04,23.15,0.6,0,5.00,0.43,"3,000.00"
67228804,Diego Fuoli - Spanish,San Fernando - Spanish Federation First Division B,GK,26,"£467,500.00",64.00,14.00,29.00,15.62,15.62,0,0.1,0.1,6.59,1.13,1.13,2.00,0,24.27,0.64,0,1.00,0,"8,000.00"
67225480,Darío - Spanish,Atlético Pamplona B - Spanish Federation First Division A,GK,24,"£467,500.00",64.00,26.00,21.00,14,14,0,0.29,0.29,6.79,0.97,0.97,3.00,0,21.66,0.65,0,3.00,0,575.00
85144362,Esteban Salles - French,Concarneau - Ligue 2 BKT,GK,30,"£412,500.00",62.00,34.00,31.00,11.97,11.97,0,0.25,0.25,6.68,1.29,1.29,3.00,0,20.62,0.58,0,1.00,0.17,"1,700.00"
23340499,Payam Niazmand - Iranian,Sepahan - Persian Gulf Premier League,GK,29,"£412,500.00",53.00,19.00,24.00,16.37,16.37,0,0.33,0.33,7.03,0.65,0.65,2.00,0,24.05,0.68,0,10.00,0.67,"13,250.00"
43425195,Manuel Gasparini - Italian,Potenza - Italian Serie C/C,GK,22,"£385,000.00",69.00,18.00,15.00,12.24,12.24,0,0.4,0.4,6.85,0.89,0.89,2.00,0,22.32,0.55,0,3.00,0.25,"1,600.00"
24025792,Marko Malenica - Croatian,Osijek - Croatian First League,GK,30,"£357,500.00",26.00,8.00,12.00,13.35,13.35,0,-0.04,-0.04,6.94,1.26,1.26,1.00,0,20.6,0.65,0,1.00,0,"2,900.00"
76040773,Sergio Pabón - Colombian,Badajoz B - Spanish Regional Division,GK,28,"£132,500.00",0.00,0.00,0.00,12.5,12.5,0,0,0,7.58,0.84,0.84,0.00,0,20,0.63,0,0.00,0,"3,600.00"
2000065396,Steven Mensah - Togolese,Heider SV - German Div. Schleswig-Holstein,GK,21,"£330,000.00",0.00,0.00,0.00,12.19,12.19,0,0,0,7.19,1.28,1.28,0.00,0,20,0.61,0,0.00,0,"1,200.00"
19361332,Arthur - Brazilian,Oliveirense - Portuguese Second League,GK,24,"£330,000.00",0.00,0.00,0.00,12.15,12.15,0,0,0,6.89,1.15,1.15,0.00,0,20,0.61,0,0.00,0,925.00
2000140361,Francesco Raffaelli - Italian,Grosseto - Italian Serie D Grp. E,GK,19,"£120,000.00",0.00,0.00,0.00,12.09,12.09,0,0,0,7.48,1.3,1.3,0.00,0,20.37,0.59,0,2.00,0,"1,200.00"
2000162595,Max Weiß - German,KSC II - German Lower Division,GK,19,"£302,500.00",47.00,17.00,22.00,12.76,12.76,0,0.14,0.14,6.92,0.91,0.91,2.00,0,25.26,0.51,0,3.00,0,"1,600.00"
85082408,Jérémy Vachoux - French,Stade Lausanne-Ouchy - Swiss Super League,GK,29,"£302,500.00",0.00,0.00,0.00,11.5,11.5,0,0,0,6.51,1.47,1.47,0.00,0,20,0.58,0,0.00,0,"1,300.00"
67222735,Jesús Ruiz - Spanish,Alcorcón - Spanish Second Division,GK,27,"£302,500.00",86.00,25.00,37.00,14.23,14.23,0,-0.03,-0.03,6.68,1.38,1.38,3.00,0,20.69,0.69,0,3.00,0.17,"2,000.00"
29142814,Will Mannion - English,Cambridge - Sky Bet League One,GK,26,"£302,500.00",75.00,38.00,34.00,13.04,13.04,0,0.2,0.2,6.64,1.15,1.15,3.00,0,24.29,0.54,0,1.00,0.17,"1,400.00"
43252692,Alessandro Confente - Italian,Vicenza - Italian Serie C/A,GK,25,"£302,500.00",53.00,21.00,32.00,12.19,12.19,0,0.08,0.08,6.99,0.89,0.89,2.00,0.02,21.53,0.57,0,5.00,0,"1,600.00"
29075816,Max Crocombe - New Zealand,Burton - Sky Bet League One,GK,30,"£302,500.00",69.00,20.00,33.00,10.65,10.65,0,0.2,0.2,6.71,1.03,1.03,2.00,0,23.03,0.46,0,4.00,0.25,"2,000.00"
14201365,Matías Ramos Mingo - Argentinian,Xerez DFC - Spanish Federation Third Group 10,GK,23,"£112,500.00",0.00,0.00,0.00,12.63,12.63,0,0,0,7.61,1.07,1.07,0.00,0,20,0.63,0,3.00,0,900.00
43204353,Luca Crosta - Italian,KF Tirana - Albanian Superleague,GK,26,"£100,000.00",0.00,0.00,0.00,12.16,12.16,0,0,0,7.03,1.33,1.33,0.00,0,20,0.61,0,2.00,0,"3,500.00"
52085913,Liam Hughes - Northern Irish,Chester - Vanarama National League North,GK,22,"£100,000.00",8.00,5.00,3.00,12.53,12.53,0,-0.02,-0.02,7.29,1.03,1.03,0.00,0,20.97,0.6,0,4.00,0,450.00
28085170,Will Norris - English,Portsmouth - Sky Bet League One,GK,30,"£260,000.00",59.00,14.00,29.00,12.02,12.02,0,0.17,0.17,6.81,0.87,0.87,2.00,0,21.17,0.57,0,8.00,0.33,"3,500.00"
37058302,Bilal Bayazıt - Dutch,Kayserispor - Turkish Super League,GK,25,"£247,500.00",30.00,9.00,13.00,14.01,14.01,0,-0.04,-0.04,6.86,1.39,1.39,1.00,0,21.55,0.65,0,1.00,0.33,"2,100.00"
91151084,Jan-Christoph Bartels - German,SV Waldhof - 3. Liga,GK,25,"£247,500.00",75.00,20.00,34.00,12.23,12.23,0,0.41,0.41,6.85,1.16,1.16,3.00,0,21.41,0.57,0,5.00,0.38,"9,000.00"
2000034841,Valerio Boffelli - Italian,Cavese - Italian Serie D Grp. G,GK,19,"£87,500.00",83.00,16.00,26.00,10.78,10.78,0,-0.12,-0.12,6.49,1.45,1.45,2.00,0.02,20.92,0.52,0,0.00,0.38,350.00
67246951,Álvaro Fernández - Spanish,Huesca - Spanish Second Division,GK,26,"£232,500.00",74.00,23.00,29.00,20.62,20.62,0,0.3,0.3,6.74,1.16,1.16,3.00,0.03,28.65,0.72,0,2.00,0.29,"13,000.00"
52090926,David Odumosu - Nigerian,Cliftonville - Sports Direct Premiership,GK,23,"£80,000.00",31.00,6.00,16.00,13.54,13.54,0,-0.05,-0.05,6.72,1.01,1.01,1.00,0.37,23.34,0.58,0,3.00,0,475.00
16184661,Mario Schragl - Austrian,FCA Walldorf - German Regional Division Southwest,GK,25,"£28,017,500.00",79.00,23.00,38.00,10.73,10.73,0,-0.52,-0.52,6.37,1.82,1.82,3.00,0,19.71,0.54,0,1.00,0,850.00
67199250,Miquel Parera - Spanish,R. Santander - Spanish Second Division,GK,28,"£205,000.00",86.00,31.00,39.00,19.78,19.78,0,0.25,0.25,6.81,1.04,1.04,3.00,0.05,25.97,0.76,0,4.00,0.2,"5,750.00"
2000098968,Lorenzo Pollini - Italian,Cjarlins - Italian Serie D Grp. C,GK,19,"£205,000.00",0.00,0.00,0.00,12.16,12.16,0,0,0,7.65,0.81,0.81,0.00,0,20,0.61,0,1.00,0,450.00
43167855,Tommaso Nobile - Italian,Foggia - Italian Serie C/C,GK,27,"£192,500.00",71.00,9.00,18.00,15.95,15.95,0,0.03,0.03,6.76,1.11,1.11,2.00,0.03,24.95,0.64,0,1.00,0,"2,300.00"
43124226,Lorenzo Montipò - Italian,Hellas Verona - Italian Serie A,GK,28,"£192,500.00",58.00,26.00,47.00,16.61,16.61,0,-0.26,-0.26,6.62,1.52,1.52,3.00,0.03,23.78,0.7,0.17,1.00,0,"29,000.00"
2000075816,Auxence Gruaud - French,Dunkerque - Ligue 2 BKT,GK,20,"£2,615,000.00",0.00,0.00,0.00,12.47,12.47,0,0,0,7.17,1.15,1.15,0.00,0,20,0.62,0,1.00,0,425.00
29125427,Harry Isted - English,Charlton - Sky Bet League One,GK,27,"£177,500.00",49.00,23.00,27.00,14.08,14.08,0,0.05,0.05,6.83,1.11,1.11,2.00,0,25.83,0.54,0.18,4.00,0.25,"3,500.00"
2000106640,Luca Martelli - Italian,Corticella - Italian Serie D Grp. D,GK,19,"£165,000.00",0.00,0.00,0.00,12.26,12.26,0,0,0,7.17,1.16,1.16,0.00,0,20.28,0.6,0,0.00,0,450.00
43390370,Mattia Fallani - Italian,Renate - Italian Serie C/A,GK,23,"£165,000.00",61.00,19.00,24.00,12.87,12.87,0,-0.02,-0.02,6.7,1.21,1.21,2.00,0,20.52,0.63,0,2.00,0.33,"1,200.00"
43393266,Sheikh Sibi - Gambian,Virtus Verona - Italian Serie C/A,GK,26,"£164,000.00",55.00,26.00,26.00,10.67,10.67,0,0.31,0.31,6.95,0.82,0.82,3.00,0.09,20.75,0.51,0,6.00,0.33,"1,200.00"
67232107,Lucho García - Colombian,Algeciras - Spanish Federation First Division B,GK,26,"£151,500.00",58.00,20.00,20.00,16.24,16.24,0,0.41,0.41,6.96,0.73,0.73,2.00,0,23.49,0.69,0,5.00,0,"8,000.00"
85103599,Florian Escales - French,FC Annecy - Ligue 2 BKT,GK,28,"£151,500.00",81.00,28.00,30.00,11.87,11.87,0,0.18,0.18,6.61,1.31,1.31,3.00,0,21.68,0.55,0,2.00,0,"1,800.00"
37074119,Menno Bergsen - Dutch,Maribor - Slovenian First League,GK,24,"£151,500.00",5.00,7.00,3.00,13.26,13.26,0,0.16,0.16,7.41,0.95,0.95,0.00,0,21.46,0.62,0,1.00,0,"1,100.00"
2000024762,Davide Mastrantonio - Italian,Monterosi - Italian Serie C/C,GK,20,"£150,500.00",75.00,20.00,29.00,14.17,14.17,0,0.21,0.21,6.79,1.17,1.17,3.00,0,24.61,0.58,0,3.00,0,"1,400.00"
28097144,Charlie Albinson - English,Ayr United - cinch Championship,GK,27,"£138,000.00",61.00,23.00,30.00,13.71,13.71,0,0.2,0.2,6.82,1.13,1.13,2.00,0,23.58,0.58,0,5.00,0.33,750.00
29139716,Luke Southwood - Northern Irish,Cheltenham - Sky Bet League One,GK,26,"£116,000.00",101.00,27.00,41.00,15.37,15.37,0,0.34,0.34,6.64,1.25,1.25,3.00,0,26.46,0.58,0.13,0.00,0.5,"2,500.00"
2000303405,Dominik Dewein - German,Memmingen - German Regional Division Bavaria,GK,24,"£46,000.00",55.00,25.00,40.00,12.15,12.15,0,-0.24,-0.24,6.32,1.73,1.73,2.00,0.4,21.84,0.56,0,4.00,0.14,975.00
96079626,Patryk Królczyk - Polish,Mieres Deportivo - Spanish Federation Third Group 2,GK,30,"£105,000.00",0.00,0.00,0.00,12.49,12.49,0,0,0,7.67,0.84,0.84,0.00,0,20,0.62,0,4.00,0,"1,500.00"
28067975,Jack Rose - English,Sutton - Sky Bet League Two,GK,29,"£104,000.00",42.00,18.00,23.00,10.83,10.83,0,0.07,0.07,6.75,1.07,1.07,2.00,0.03,20.94,0.52,0,4.00,0.17,"1,100.00"
23470674,Basil Al-Bahrani - Saudi,Al-Batin - Saudi First Division League,GK,29,"£36,500.00",0.00,0.00,0.00,11.87,11.87,0,0,0,7.27,1.04,1.04,0.00,0,20.29,0.58,0,1.00,0,"12,000.00"
2000076421,Iker Vélez - Spanish,Marina Sport - Spanish U19 Division 2 Group 17,GK,20,"£36,500.00",0.00,0.00,0.00,12.25,12.25,0,0,0,7.49,1.18,1.18,0.00,0,20.38,0.6,0,2.00,0,25.00
2000275933,Killian Grémont - French,FC Dieppe - French National 3 - Group F,GK,21,"£93,000.00",0.00,0.00,0.00,11.98,11.98,0,0,0,7.55,1.09,1.09,0.00,0,20,0.6,0,0.00,0,325.00
2000164874,Adrián Suárez - Spanish,Villarreal C - Spanish Federation Third Group 6,GK,19,"£88,000.00",49.00,19.00,21.00,10.87,10.87,0,0.08,0.08,6.53,1.3,1.3,2.00,0.09,20.7,0.53,0,0.00,0,250.00
28121310,Roco Rees - English,Worthing - Vanarama National League South,GK,22,"£88,000.00",11.00,7.00,7.00,11.56,11.56,0,0.15,0.15,6.88,1.38,1.38,0.00,0.03,20.8,0.56,0,0.00,0,375.00
23437235,Hasan Pourhamidi - Iranian,Esteghlal Khuzestan - Persian Gulf Premier League,GK,26,"£30,500.00",0.00,0.00,0.00,12.16,12.16,0,0,0,6.74,1.51,1.51,0.00,0,20.35,0.6,0,0.00,0,"3,300.00"
2000199753,Raúl Valdés - Spanish,Siete Villas - Spanish Federation Third Group 3,GK,20,"£77,000.00",0.00,0.00,0.00,11.84,11.84,0,0,0,7.3,0.79,0.79,0.00,0,20,0.59,0,1.00,0,300.00
29191815,Josh Rae - Scottish,Airdrieonians - cinch Championship,GK,23,"£77,000.00",77.00,24.00,30.00,16.35,16.35,0,0.06,0.06,6.78,1.09,1.09,3.00,0.09,24.47,0.67,0,4.00,0.13,550.00
92074291,Avdo Spahić - Bosnian,Sloboda Tuzla - Federation of BiH First League,GK,27,"£72,000.00",0.00,0.00,0.00,11.62,11.62,0,0,0,7.48,1.21,1.21,0.00,0,20,0.58,0,1.00,0,"3,900.00"
92057939,Marius Funk - German,FC Ingolstadt 04 - 3. Liga,GK,28,"£71,000.00",54.00,10.00,21.00,16.58,16.58,0,0.19,0.19,6.94,0.88,0.88,2.00,0,25.08,0.66,0,6.00,0,"1,900.00"
43212468,Andrea Spurio - Italian,Montevarchi - Italian Serie D Grp. E,GK,25,"£66,000.00",0.00,0.00,0.00,12.28,12.28,0,0,0,7.48,1.02,1.02,0.00,0,20.4,0.6,0,0.00,0,525.00
67115824,Adrián Ortolà - Spanish,Sabadell - Spanish Federation First Division A,GK,30,"£23,500.00",48.00,27.00,31.00,13.35,13.35,0,0.11,0.11,6.86,0.96,0.96,2.00,0,23.29,0.57,0,1.00,0,"3,300.00"
91194501,Antonio Brandt - German,Havelse - German Regional Division North,GK,24,"£23,500.00",62.00,22.00,32.00,8.87,8.87,0,0.19,0.19,6.65,0.99,0.99,2.00,0.07,20.35,0.44,0,1.00,0,375.00
2000098889,Jacopo Ermini - Italian,Terranuova Traiana - Italian Eccellenza Toscana Grp.B,GK,18,"£23,500.00",0.00,0.00,0.00,12.21,12.21,0,0,0,7.39,1.29,1.29,0.00,0,20.47,0.6,0,3.00,0,130.00
18108541,Vincent Rousseau - Belgian,RUS Rebecq - Belgian Second Amateur Division ACFF C,GK,25,"£60,000.00",59.00,23.00,28.00,11.15,11.15,0,0.2,0.2,6.75,1.21,1.21,2.00,0,19.48,0.57,0,3.00,0,425.00
91109390,Maximilian Reule - German,Großaspach - German Div. Baden-Württemberg,GK,30,"£55,000.00",99.00,31.00,37.00,12.84,12.84,0,-0.01,-0.01,6.59,1.56,1.56,3.00,0,22.72,0.56,0,1.00,0,"1,400.00"
91187820,Michel Witte - German,Aalen - German Regional Division Southwest,GK,25,"£55,000.00",102.00,20.00,40.00,9.51,9.51,0,0.26,0.26,6.56,1.42,1.42,3.00,0,20.91,0.45,0,2.00,0,625.00
29141011,Will Jääskeläinen - Finnish,Woking - Vanarama National League,GK,25,"£55,000.00",61.00,24.00,23.00,10.96,10.96,0,0.05,0.05,6.77,1.04,1.04,2.00,0.02,21.67,0.51,0,5.00,0.25,850.00
2000140255,Tom Finch - English,St. Neots - English United Counties League Premier South,GK,19,"£20,000.00",0.00,0.00,0.00,11.44,11.44,0,0,0,7.09,1.15,1.15,0.00,0,20,0.57,0,0.00,0,300.00
2000056741,Lluís Tarrés - Spanish,R. Jaén - Spanish Federation Third Group 9,GK,23,"£18,500.00",0.00,0.00,0.00,11.9,11.9,0,0,0,7.17,1.55,1.55,0.00,0,20,0.6,0,1.00,0,300.00
43124249,Andrea Dini - Italian,Crotone - Italian Serie C/C,GK,28,"£17,500.00",62.00,23.00,20.00,13.41,13.41,0,0.44,0.44,6.79,0.88,0.88,2.00,0,22.82,0.59,0,0.00,0.67,"1,500.00"
91190141,Benjamin Leneis - German,FSV Zwickau - German Regional Division Northeast,GK,25,"£33,000.00",0.00,0.00,0.00,11.77,11.77,0,0,0,7.45,0.98,0.98,0.00,0,20,0.59,0,3.00,0,"1,600.00"
2000102027,Manuel Esposito - Italian,Campobasso - Italian Serie D Grp. F,GK,19,"£30,500.00",0.00,0.00,0.00,12,12,0,0,0,7.47,1.07,1.07,0.00,0,20,0.6,0,2.00,0,450.00
91128447,Sebastian Kolbe - German,Türkgücü München - German Regional Division Bavaria,GK,28,"£12,000.00",46.00,23.00,22.00,9.58,9.58,0,0.13,0.13,6.85,0.89,0.89,2.00,0.05,20.21,0.47,0,1.00,0.33,825.00
12080773,Aboubakar Bamba - Ivorian,Louhans-Cuiseaux FC - French National 3 - Group J,GK,22,"£30,000.00",2.00,0.00,4.00,12.23,12.23,0,-0.01,-0.01,7.2,1.14,1.14,0.00,0,20.45,0.6,0,1.00,0,500.00
49035577,Marc-Antoine Guillaume - French,ASM Belfort - French National 3 - Group I,GK,28,"£30,000.00",4.00,0.00,1.00,11.39,11.39,0,0.01,0.01,7.42,1.18,1.18,0.00,0,20.05,0.57,0,2.00,0,425.00
13176423,Farid Chaâl - Algerian,Al-Najmah (KSA) - Saudi First Division League,GK,29,"£27,500.00",0.00,0.00,0.00,11.84,11.84,0,0,0,7.33,1.21,1.21,0.00,0,20.45,0.58,0,0.00,0,"10,250.00"
98042555,Justin Ospelt - Liechtensteiner,FSV Frankfurt - German Regional Division Southwest,GK,24,"£10,500.00",97.00,31.00,39.00,12.24,12.24,0,0.01,0.01,6.6,1.43,1.43,3.00,0.05,22.39,0.55,0,1.00,0.3,"1,100.00"
2000218535,Karl Essoh - French,Sannois SG - French National 3 - Group G,GK,20,"£24,750.00",0.00,0.00,0.00,11.97,11.97,0,0,0,7.18,1.28,1.28,0.00,0,19.99,0.6,0,0.00,0,775.00
67152421,Ximo Ballester - Spanish,Cieza - Spanish Federation Third Group 13,GK,30,"£24,750.00",0.00,0.00,0.00,12.14,12.14,0,0,0,7.51,0.88,0.88,0.00,0,20,0.61,0,3.00,0,325.00
67257277,Kevin - Spanish,Berceo - Spanish Federation Third Group 16,GK,28,"£9,250.00",0.00,0.00,0.00,12.57,12.57,0,0,0,7.31,1.07,1.07,0.00,0,20.44,0.62,0,1.00,0,350.00
85133805,Clément Pétrel - French,US Pays de Cassel - French National 3 - Group G,GK,27,"£29,500.00",6.00,1.00,0.00,12.66,12.66,0,0.03,0.03,7.22,1.4,1.4,0.00,0,20.84,0.61,0,1.00,0,300.00
29194205,Myles Roberts - English,St. Albans - Vanarama National League South,GK,22,"£22,000.00",9.00,2.00,6.00,11.54,11.54,0,-0.01,-0.01,7.13,1.49,1.49,0.00,0,20.47,0.56,0,1.00,1,600.00
2000057731,Valentín Mosqueira - Argentinian,Poli El Ejido - Spanish Federation Third Group 9,GK,21,"£8,000.00",0.00,0.00,0.00,12.49,12.49,0,0,0,7.66,1.05,1.05,0.00,0,20,0.62,0,3.00,0,275.00
91153055,Jannick Theißen - German,Düren - German Regional Division West,GK,26,"£8,000.00",43.00,23.00,19.00,9.86,9.86,0,0.31,0.31,7.16,0.54,0.54,2.00,0,20.33,0.48,0,4.00,0.33,675.00
91177387,Lino Kasten - German,Altglienicke - German Regional Division Northeast,GK,23,"£8,000.00",55.00,17.00,23.00,11.75,11.75,0,-0.08,-0.08,6.87,0.95,0.95,2.00,0,22.45,0.52,0,2.00,0,"4,300.00"
2000316571,Anse Ngoubi - Gabonese,US Raon-l'Etape - French National 3 - Group I,GK,24,"£8,000.00",0.00,0.00,1.00,11.6,11.6,0,0.01,0.01,7,1.07,1.07,0.00,0,20.05,0.58,0,0.00,0,650.00
13138993,Dele Alampasu - Nigerian,Jura Dolois Football - French National 3 - Group J,GK,27,"£19,250.00",1.00,0.00,0.00,11.63,11.63,0,0.02,0.02,7.17,1.15,1.15,0.00,0.02,20.03,0.58,0,2.00,0,300.00
r-2002072365,Nigel Irwin - Northern Irish,Rathfriland Rangers - Playr-Fit Premier Intermediate League,GK,16,"£19,250.00",37.00,10.00,17.00,9.44,9.44,0,-0.07,-0.07,6.71,1.09,1.09,1.00,0,20.56,0.46,0,3.00,0,0.00
50065457,Pascal Michelizzi - French,AG Caen - French National 3 - Group F,GK,28,"£6,750.00",0.00,0.00,0.00,12.01,12.01,0,-0.02,-0.02,7.1,1.1,1.1,0.00,0,20,0.6,0,0.00,0,275.00
49040163,Ahmed Abdelkader - French,US Biskra - Algerian League 1,GK,25,"£6,750.00",0.00,0.00,0.00,12.15,12.15,0,0,0,6.87,1.51,1.51,0.00,0,20.54,0.59,0,1.00,0,"1,300.00"
14220337,Sandro Ammaturo - Argentinian,Villaralbo - Spanish Federation Third Group 8,GK,27,"£6,000.00",0.00,0.00,0.00,12.19,12.19,0,0,0,7.38,1.12,1.12,0.00,0,20.55,0.59,0,2.00,0,250.00
61093269,Lee Herbert - Scottish,Forres Mech - Highland Football League,GK,23,"£5,250.00",65.00,32.00,43.00,10.9,10.9,0,-0.24,-0.24,6.28,1.84,1.84,3.00,0.1,21.34,0.51,0,3.00,0,100.00
67232681,Albert Batalla - Spanish,Olot - Spanish Federation Third Group 5,GK,26,"£12,000.00",45.00,10.00,21.00,11.27,11.27,0,0.22,0.22,6.79,1.2,1.2,2.00,0.03,20.56,0.55,0,2.00,0,400.00
49031649,Fahardine Hassani - Comoran,Chassieu Décines FC - French National 3 - Group K,GK,30,"£10,000.00",3.00,0.00,3.00,12.31,12.31,0,-0.02,-0.02,7.33,1.13,1.13,0.00,0,20.76,0.59,0,3.00,0,200.00
2000212919,Phil Kolvenbach - German,Eimsbüttel - German Regional Division North,GK,20,"£4,500.00",63.00,27.00,34.00,10.14,10.14,0,0.09,0.09,6.53,1.33,1.33,2.00,0.52,20.91,0.48,0,1.00,0.33,250.00
2000134275,Kaan Özsoy - German,Deutz - German Lower Division,GK,21,"£4,000.00",0.00,0.00,0.00,12.5,12.5,0,0,0,7.39,1.21,1.21,0.00,0,20.88,0.6,0,2.00,0,425.00
67177269,Toni Casamayor - Spanish,Vilafranca Penedés - Spanish Federation Third Group 5,GK,30,"£4,000.00",0.00,0.00,0.00,12.61,12.61,0,0,0,7.56,0.83,0.83,0.00,0,20.47,0.62,0,6.00,0,240.00
18105765,Brent Thuys - Belgian,KAC Betekom - Belgian Third Amateur Division VV B,GK,24,"£15,500.00",0.00,0.00,0.00,11.85,11.85,0,0,0,7.52,0.98,0.98,0.00,0,20,0.59,0,0.00,0,300.00
2000063321,Samuel Zapico - Spanish,Barockstadt - German Regional Division Southwest,GK,27,"£23,250.00",55.00,20.00,18.00,11.36,11.36,0,0.03,0.03,6.73,1.17,1.17,2.00,0.1,20.28,0.56,0,3.00,0.33,350.00
43085795,Gianmarco Vannucchi - Italian,Taranto - Italian Serie C/C,GK,28,"£9,500.00",55.00,17.00,18.00,13.34,13.34,0,-0.01,-0.01,6.82,0.92,0.92,2.00,0.03,21.5,0.62,0,2.00,0,"2,100.00"
62176273,Eldin Bečić - Montenegrin,Weiden - German Lower Division,GK,28,"£5,500.00",0.00,0.00,0.00,11.88,11.88,0,0,0,7.36,1.11,1.11,0.00,0,20.77,0.57,0,3.00,1,230.00
91194337,Lars Huxsohl - German,Norderstedt - German Regional Division North,GK,27,"£18,000.00",56.00,14.00,14.00,11.93,11.93,0,-0.21,-0.21,6.79,1.19,1.19,2.00,0.02,21.68,0.55,0,5.00,0,325.00
14248179,Tomás Catelli - Argentinian,Milazzo - Italian Eccellenza Sicilia Grp.B,GK,26,"£3,750.00",0.00,0.00,0.00,12.21,12.21,0,0,0,7.58,0.95,0.95,0.00,0,20,0.61,0,2.00,0,210.00
18097393,Pieter Caubergh - Belgian,KSK Tongeren - Belgian Second Amateur Division VV B,GK,25,"£3,250.00",37.00,14.00,29.00,11.88,11.88,0,0.1,0.1,6.88,0.8,0.8,1.00,0.05,21.97,0.54,0,3.00,0,200.00
67248163,Álex Dos Santos - Brazilian,Móstoles URJC - Spanish Federation Third Group 7,GK,25,"£2,750.00",0.00,0.00,0.00,11.86,11.86,0,0,0,7.3,1.31,1.31,0.00,0,20,0.59,0,0.00,0,"1,100.00"
61085423,Daniel Hoban - Scottish,Banks o' Dee - Highland Football League,GK,26,"£2,250.00",75.00,33.00,32.00,10.04,10.04,0,-0.22,-0.22,6.25,1.81,1.81,3.00,0.03,21.91,0.46,0,0.00,0.33,200.00
61084379,Ross Connelly - Scottish,Albion Rovers - Scottish Lowland League,GK,23,"£2,000.00",9.00,3.00,6.00,12.05,12.05,0,-0.04,-0.04,6.96,1.59,1.59,0.00,0,20.42,0.59,0,1.00,0.5,200.00
67188823,Cristian Arco - Spanish,Lorca D. - Spanish Federation Third Group 13,GK,29,"£1,750.00",0.00,0.00,0.00,12.37,12.37,0,0,0,7.39,1.02,1.02,0.00,0,20.31,0.61,0,2.00,0,325.00
18103151,Tiziano Delmotte - Belgian,Westhoek - Belgian Third Amateur Division VV A,GK,24,"£1,750.00",0.00,0.00,0.00,12.2,12.2,0,0,0,7.6,1.1,1.1,0.00,0,20,0.61,0,2.00,0,325.00
67282791,Dani Freile - Spanish,La Virgen del Camino - Spanish Federation Third Group 8,GK,25,"£55,000.00",0.00,0.00,0.00,11.86,11.86,0,0,0,7.4,1.07,1.07,0.00,0,20,0.59,0,3.00,0,300.00
67219027,Juanma Conesa - Spanish,Algar - Spanish Federation Third Group 13,GK,26,"£50,000.00",0.00,0.00,0.00,12.21,12.21,0,0,0,7.51,1.02,1.02,0.00,0,20,0.61,0,2.00,0,240.00
43461795,Serafino Iannì - Italian,Gioiese - Italian Serie D Grp. I,GK,21,"£50,000.00",0.00,0.00,0.00,12.21,12.21,0,0,0,7.56,0.95,0.95,0.00,0,20,0.61,0,4.00,0,325.00
91202815,Marcel Schleicher - German,Göppingen - German Div. Baden-Württemberg,GK,29,"£47,500.00",0.00,0.00,0.00,12.12,12.12,0,0,0,7.15,1.21,1.21,0.00,0,20,0.61,0,1.00,0,475.00
43500718,Alberto Rossi - Italian,Manfredonia - Italian Serie D Grp. H,GK,20,"£45,000.00",0.00,0.00,0.00,11.71,11.71,0,0,0,7.26,1.18,1.18,0.00,0,20.35,0.58,0,4.00,0,250.00
2000071278,Fabian Eutinger - German,Rain - German Div. Bavaria South,GK,20,"£35,000.00",0.00,0.00,0.00,12.25,12.25,0,0,0,7.27,1.02,1.02,0.00,0,20.82,0.59,0,1.00,0,700.00
49050072,Abdoul Coulibaly - French,AS Saint-Priest - French National 3 - Group K,GK,23,"£30,000.00",0.00,0.00,0.00,12.09,12.09,0,0,0,7.2,1.07,1.07,0.00,0,20,0.6,0,0.00,0,525.00
23287638,Saoud Al-Qenaei - Kuwaiti,Salmiya - Kuwaiti Premier League,GK,29,"£27,500.00",0.00,0.00,0.00,12.04,12.04,0,0,0,7.24,1.17,1.17,0.00,0,20.45,0.59,0,1.00,0,"1,200.00"
28113412,Harrison Foulkes - English,Eastbourne Borough - Vanarama National League South,GK,23,"£22,500.00",40.00,12.00,20.00,15.73,15.73,0.21,0.18,0.18,6.72,0.85,0.85,1.00,0.19,24.4,0.64,0.34,1.00,0,400.00
48036556,Didier Desprez - French,Dudelange - Luxembourg National Division,GK,25,"£20,000.00",83.00,28.00,41.00,12.94,12.94,0,-0.14,-0.14,6.54,1.7,1.7,3.00,0.05,22.56,0.57,0,2.00,0.25,425.00
2000163330,Ron Meyer - German,Wegberg-Beeck - German Regional Division West,GK,26,"£20,000.00",56.00,14.00,19.00,12.62,12.62,0,-0.13,-0.13,6.81,1.28,1.28,2.00,0.05,21.73,0.58,0,4.00,0.25,350.00
43500294,Fabio Frattini - Italian,Borgo San Donnino - Italian Serie D Grp. D,GK,21,"£17,500.00",0.00,0.00,0.00,12.09,12.09,0,0,0,7.05,1.28,1.28,0.00,0,20,0.6,0,2.00,0,275.00
19183788,Simão - Brazilian,AVS SAD - Portuguese Second League,GK,30,"£17,500.00",0.00,0.00,0.00,12.29,12.29,0,0,0,7.26,1.09,1.09,0.00,0,20,0.61,0,1.00,0,"1,300.00"
2000011086,Gorka Campo - Spanish,Zamudio - Spanish División Honor Vizcaya,GK,24,"£17,500.00",0.00,0.00,0.00,12.01,12.01,0,0,0,7.22,1.09,1.09,0.00,0,20.42,0.59,0,2.00,0,375.00
2000273914,Sergio Aragoneses - Spanish,Tenerife C - Spanish Preferente Tenerife,GK,19,"£17,500.00",53.00,16.00,27.00,12.68,12.68,0,0.26,0.26,6.82,1.16,1.16,2.00,0,21.4,0.59,0,6.00,0,250.00
11026078,Gentian Selmani - Albanian,KF Tirana - Albanian Superleague,GK,26,"£17,500.00",16.00,5.00,2.00,12.25,12.25,0,0.05,0.05,7.55,1.24,1.24,0.00,0.04,20.41,0.6,0,3.00,0,210.00
18060240,Bo Geens - Belgian,City Pirates Antwerpen - Belgian Second Amateur Division VV B,GK,28,"£15,000.00",64.00,17.00,26.00,12.42,12.42,0,0.08,0.08,6.88,1.02,1.02,2.00,0,20.58,0.6,0,3.00,0.67,350.00
2000072752,Francesco Bruno - Italian,Pro Gorizia - Italian Eccellenza Friuli-Venezia Giulia,GK,20,"£15,000.00",0.00,0.00,0.00,11.67,11.67,0,0,0,7.33,1.02,1.02,0.00,0,20,0.58,0,2.00,0,230.00
2000106914,Angelo Gaglione - Italian,Afragolese - Italian Eccellenza Campania Grp.A,GK,18,"£14,000.00",0.00,0.00,0.00,12.14,12.14,0,0,0,7.26,1.12,1.12,0.00,0,20,0.61,0,0.00,0,130.00
28088504,Luke McGee - English,Tranmere - Sky Bet League Two,GK,28,"£10,000.00",62.00,20.00,31.00,11.52,11.52,0,-0.08,-0.08,6.65,1.19,1.19,2.00,0.02,21.8,0.53,0.02,2.00,0,"1,800.00"
14123562,Joaquín Mendive - Argentinian,Paganese - Italian Serie D Grp. H,GK,27,"£9,000.00",0.00,0.00,0.00,11.79,11.79,0,0,0,7.28,1.14,1.14,0.00,0,20,0.59,0,1.00,0,525.00
2000075640,Lorenzo Viti - Italian,Carpi - Italian Serie D Grp. D,GK,20,"£9,000.00",0.00,0.00,0.00,12.31,12.31,0,0,0,7.33,1.02,1.02,0.00,0,20.44,0.6,0,2.00,0,450.00
43374430,Diego Abbrandini - Italian,CazzagoBornato - Italian Eccellenza Lombardia Grp.C,GK,22,"£8,000.00",0.00,0.00,0.00,12.14,12.14,0,0,0,7.62,1.09,1.09,0.00,0,20,0.61,0,2.00,0,200.00
2000263814,Cristian Lorenzi - Italian,Carpi - Italian Serie D Grp. D,GK,18,"£8,000.00",0.00,0.00,0.00,11.16,11.16,0,0,0,6.18,1.4,1.4,0.00,0,20,0.56,0,0.00,0,190.00
29077766,James Montgomery - English,Spennymoor - Vanarama National League North,GK,30,"£7,000.00",2.00,1.00,2.00,14.56,14.56,0.02,0.02,0.02,7.32,0.93,0.93,0.00,0.15,22.34,0.65,0.29,1.00,0,600.00
2000021382,Andrea Piga - Italian,Folgore Caratese - Italian Serie D Grp. B,GK,20,"£7,000.00",0.00,0.00,0.00,11.44,11.44,0,0,0,7.08,1.14,1.14,0.00,0,20,0.57,0,1.00,0,275.00
18113058,Ulric Cremers - French,La Louvière Centre - Belgian Second Amateur Division ACFF C,GK,29,"£7,000.00",84.00,13.00,25.00,8.67,8.67,0,0.26,0.26,6.7,1.19,1.19,2.00,0.07,20.08,0.43,0,0.00,0,450.00
67294764,Christian Gómez - Spanish,Illescas - Spanish Federation Second Group 5,GK,24,"£6,000.00",9.00,5.00,6.00,11.34,11.34,0,-0.02,-0.02,7.19,1.28,1.28,0.00,0,20.09,0.56,0,1.00,0,275.00
2000163736,Joshua Bysouth - Scottish,Irvine Meadow - West of Scotland Premier Division,GK,20,"£6,000.00",0.00,0.00,0.00,12,12,0,0,0,7.04,1.26,1.26,0.00,0,20,0.6,0,0.00,1,150.00
67277872,Fran Martínez - Spanish,Ursaria - Spanish Federation Second Group 5,GK,24,"£5,000.00",56.00,23.00,26.00,11.71,11.71,0,-0.02,-0.02,6.63,1.4,1.4,3.00,0,21.77,0.54,0,0.00,0,300.00
85087276,Ibrahima Sy - Senegalese,Le Poiré-sur-Vie VF - French National 3 - Group D,GK,28,"£5,000.00",0.00,0.00,0.00,12.07,12.07,0,0,0,7.67,1.02,1.02,0.00,0,20,0.6,0,1.00,0,350.00
43270516,Aniello Viscovo - Italian,Fano - Italian Serie D Grp. F,GK,24,"£4,500.00",0.00,0.00,0.00,12,12,0,0,0,7.02,1.21,1.21,0.00,0,20,0.6,0,1.00,0,700.00
61089448,Ross Matthews - Scottish,Montrose - cinch League 1,GK,21,"£4,000.00",84.00,26.00,26.00,11.16,11.16,0,-0.21,-0.21,6.55,1.44,1.44,2.00,0.02,21.4,0.52,0,4.00,0.5,100.00
64043302,Ahmed Al-Rawahi - Omani,Al-Seeb - Omani Professional League,GK,30,"£4,000.00",51.00,14.00,35.00,12.75,12.75,0,0,0,6.93,0.99,0.99,2.00,0,22.72,0.56,0,1.00,0,140.00
85144182,Alexandre Marfaing - French,FC Ouest Tourangeau 37 - French National 3 - Group C,GK,28,"£4,000.00",1.00,1.00,1.00,11.56,11.56,0,-0.05,-0.05,7.61,0.98,0.98,0.00,0,19.93,0.58,0,3.00,0,375.00
50036324,Julien Perez - French,GFA Rumilly-Vallières - French National 3 - Group J,GK,30,"£3,500.00",50.00,19.00,31.00,11.43,11.43,0,0.06,0.06,6.64,1.14,1.14,2.00,0,23.2,0.49,0,2.00,0,425.00
2000041878,Jonny - Spanish,Marchamalo - Spanish Federation Third Group 18,GK,29,"£3,000.00",0.00,0.00,0.00,11.99,11.99,0,0,0,7.27,1.38,1.38,0.00,0,20.82,0.58,0,2.00,0,240.00
37041412,Mike Havekotte - Dutch,TOP Oss - Keuken Kampioen Divisie,GK,28,"£2,250.00",56.00,23.00,24.00,13.38,13.38,0,-0.16,-0.16,6.58,1.42,1.42,2.00,0.09,23.48,0.57,0,2.00,0,650.00
48031026,Alexandre Menay - French,OFC Les Mureaux - French National 3 - Group F,GK,27,"£2,000.00",0.00,0.00,0.00,12.09,12.09,0,0,0,7.54,0.98,0.98,0.00,0,20,0.6,0,4.00,0,275.00
48044542,Amine Ichalalen - Moroccan,Stade Beaucairois FC - French National 3 - Group A,GK,25,#VALUE!,9.00,2.00,1.00,11.31,11.31,0,0.08,0.08,7.4,1.09,1.09,0.00,0,20.4,0.55,0,0.00,1,250.00
49037486,Valentin Dahak - French,Onet le Château - French National 3 - Group B,GK,25,"£1,500.00",0.00,0.00,0.00,12.58,12.58,0,0,0,7.31,1.23,1.23,0.00,0,20.42,0.62,0,0.00,0,150.00
49062632,Enzo Garrido - French,Blagnac FC - French National 3 - Group B,GK,20,"£1,500.00",2.00,1.00,1.00,13.35,13.35,0.09,0.03,0.03,7.58,1,1,0.00,0.02,21.3,0.63,0.14,3.00,0,160.00
49054622,Geoffrey Agbolossou - Togolese,FC Balagne - French National 3 - Group H,GK,24,"£1,250.00",0.00,0.00,0.00,12,12,0,0,0,7.31,1.29,1.29,0.00,0,20.4,0.59,0,1.00,0,140.00
48036226,Killian Le Roy - French,Racing FC Luxembourg - Luxembourg National Division,GK,26,"£1,000.00",0.00,0.00,0.00,11.92,11.92,0,0,0,7.03,1.18,1.18,0.00,0,20.4,0.58,0,1.00,0,60.00
61094600,Ben Swinton - Scottish,Dundonald B. - East of Scotland Premier Division,GK,22,"£1,000.00",85.00,29.00,32.00,10.03,10.03,0,-0.29,-0.29,6.18,2.09,2.09,3.00,0.05,21.23,0.47,0,1.00,0,110.00
48044602,Florent Rizzolo - French,Stade Bordelais - French National 3 - Group B,GK,24,"£1,000.00",0.00,0.00,0.00,12.68,12.68,0,0.01,0.01,7.18,1.53,1.53,0.00,0.02,21.16,0.6,0,0.00,0,170.00
29236286,André da Silva Mendes - Portuguese,Lancaster - English Northern Premier League Premier Division,GK,21,£750.00,0.00,0.00,0.00,11.75,11.75,0,0,0,7.27,0.78,0.78,0.00,0,20,0.59,0,2.00,0,150.00
52095835,Ben Fry - Northern Irish,Pollok - West of Scotland Premier Division,GK,23,£0.00,70.00,29.00,35.00,12.13,12.13,0,-0.18,-0.18,6.44,1.64,1.64,3.00,0,21.58,0.56,0,1.00,0.33,180.00
2000109395,Luis Hillemeier - German,Clarholz - German Div. Westphalia,GK,22,£0.00,0.00,0.00,0.00,11.95,11.95,0,0,0,6.88,1.19,1.19,0.00,0,20,0.6,0,1.00,0,240.00
2000008479,Alexis Gonthiez - French,Stade Plabennécois - French National 3 - Group E,GK,20,£0.00,1.00,3.00,1.00,12.35,12.35,0,0.02,0.02,7.36,0.87,0.87,0.00,0,20.01,0.62,0,3.00,0,210.00
2000289687,Rayan Boubakri - French,GOAL FC - French National,GK,22,£0.00,0.00,0.00,0.00,12.12,12.12,0,0,0,7.31,1.21,1.21,0.00,0,20,0.61,0,1.00,0,85.00
18089256,Julien Wets - Belgian,RCS Nivellois - Brabant Provincial Division (Wal),GK,27,£0.00,0.00,0.00,0.00,11.88,11.88,0,0,0,7.39,1.1,1.1,0.00,0,20,0.59,0,1.00,0,0.00
37084820,Magdiel Agyei-Adomako - Dutch,ASWH - Dutch Vierde Divisie B,GK,22,£0.00,0.00,0.00,0.00,12.26,12.26,0,0,0,7.57,1.05,1.05,0.00,0,20,0.61,0,1.00,0,0.00
18087089,Brent Van Steelandt - Belgian,Grembergen - East-Flanders Provincial Division,GK,27,£0.00,0.00,0.00,0.00,13.01,13.01,0,0,0,7.33,1.1,1.1,0.00,0,20.88,0.62,0,0.00,0,0.00
29226425,Harvey Wiles-Richards - English,Guernsey - English Isthmian League South Central Division,GK,22,£0.00,0.00,0.00,0.00,12.01,12.01,0,0,0,7.19,1.09,1.09,0.00,0,20.34,0.59,0,1.00,0,700.00
48048203,Patrick Trindade - French,Stade Montois Football - French Regional 1 - Nouvelle Aquitaine - Group C,GK,22,£0.00,0.00,0.00,0.00,11.72,11.72,0,0,0,7.7,0.98,0.98,0.00,0,20,0.59,0,4.00,0,0.00
18087986,Gilles Belin - Belgian,VC Bertem-Leefdaal - Brabant Provincial Division (Fla),GK,25,£0.00,0.00,0.00,0.00,12.09,12.09,0,0,0,6.99,1.34,1.34,0.00,0,20.43,0.59,0,2.00,0,0.00
18110759,Stef De Schepper - Belgian,KSK Beveren - East-Flanders Provincial Division,GK,22,£0.00,0.00,0.00,0.00,12.85,12.85,0,0,0,7.57,0.97,0.97,0.00,0,20.99,0.61,0,4.00,0,0.00
37056336,Phil van den Broek - New Zealand,Unitas '59 - -,GK,27,£0.00,0.00,0.00,0.00,10.84,10.84,0,0,0,5.62,1.7,1.7,0.00,0,20,0.54,0,0.00,0,0.00
37084799,Jason Fitz-Jim - Dutch,Achilles '29 - Dutch Tweede Klasse Zaterdag G,GK,21,£0.00,0.00,0.00,0.00,11.88,11.88,0,0,0,7.37,0.98,0.98,0.00,0,20,0.59,0,0.00,0,0.00
2000301223,Paul Van Dijk - French,AS Chatou - French National 3 - Group F,GK,22,£0.00,0.00,0.00,0.00,11.67,11.67,0,0,0,6.73,1.47,1.47,0.00,0,20,0.58,0,0.00,0,35.00
2000180985,David Bouzas - German,Verlautenheide - German Lower Division,GK,21,£0.00,0.00,0.00,0.00,11.72,11.72,0,0,0,6.77,1.44,1.44,0.00,0,20,0.59,0,0.00,0,0.00
14108935,Tommy - Argentinian,Sant Josep - Spanish Regional Ibiza-Formentera,GK,28,£0.00,0.00,0.00,0.00,12.26,12.26,0,0,0,7.33,1.23,1.23,0.00,0,20.37,0.6,0,2.00,0,0.00
18096963,Yannick Verbist - Belgian,KFC De Kempen TL - Antwerp Provincial Division,GK,25,£0.00,0.00,0.00,0.00,12.36,12.36,0,0,0,7.3,1.28,1.28,0.00,0,20.38,0.61,0,2.00,0,0.00
2000046018,Jelle Kortleven - Belgian,K. Boorsem Sport - Limburg Provincial Division,GK,22,£0.00,0.00,0.00,0.00,12.17,12.17,0,0,0,7.31,1.1,1.1,0.00,0,20,0.61,0,0.00,0,0.00
29110227,Dillon Barnes - Jamaican,Haringey - English Isthmian League Premier Division,GK,28,£0.00,0.00,0.00,0.00,12.42,12.42,0,0,0,7.3,1.31,1.31,0.00,0,20.83,0.6,0,0.00,0,0.00
18083604,Stijn Jeurissen - Belgian,K Lanaken VV - Limburg Provincial Division,GK,27,£0.00,0.00,0.00,0.00,11.71,11.71,0,0,0,7.32,1.15,1.15,0.00,0,20,0.59,0,2.00,0,0.00
2000109107,Nick Frits - Dutch,Dongen - Dutch Vierde Divisie C,GK,21,£0.00,0.00,0.00,0.00,11.56,11.56,0,0,0,7.53,0.91,0.91,0.00,0,20,0.58,0,3.00,0,0.00
29228683,Jack Arthur - English,Millbrook - English Western League Premier Division,GK,21,£0.00,0.00,0.00,0.00,12.27,12.27,0,0,0,7.39,1.01,1.01,0.00,0,20.73,0.59,0,3.00,1,0.00
37076856,TJ Odunze - Dutch,Nuenen - Dutch Vierde Divisie C,GK,24,£0.00,0.00,0.00,0.00,11.95,11.95,0,0,0,7.35,0.99,0.99,0.00,0,20.36,0.59,0,1.00,0,0.00
18097196,Jordi Nolle - Belgian,KFC Sint-Lenaarts - Belgian Third Amateur Division VV B,GK,26,£0.00,0.00,0.00,0.00,12.1,12.1,0,0,0,7.48,1.34,1.34,0.00,0,20,0.6,0,3.00,0,210.00
18094205,Gianni De Ruysscher - Belgian,BHS United - Brabant Provincial Division (Fla),GK,26,£0.00,0.00,0.00,0.00,11.75,11.75,0,0,0,7.3,1.32,1.32,0.00,0,20,0.59,0,1.00,0,0.00
18097000,Dylan De Vocht - Belgian,Arendonk Sport - Antwerp Provincial Division,GK,24,£0.00,0.00,0.00,0.00,12.01,12.01,0,0,0,7.7,0.87,0.87,0.00,0,20.35,0.59,0,2.00,0,0.00
2000031035,Ruben Anthonissen - Belgian,KGS Bree-Beek - Limburg Provincial Division,GK,21,£0.00,0.00,0.00,0.00,12.15,12.15,0,-0.01,-0.01,7.09,1.29,1.29,0.00,0,20.15,0.6,0,1.00,0,0.00
2000039756,Niclas Kratzmann - German,Merten - German Lower Division,GK,21,£0.00,0.00,0.00,0.00,11.93,11.93,0,0,0,7.44,0.93,0.93,0.00,0,20,0.6,0,1.00,0,0.00
49061839,André Costa Da Silva - Angolan,Stade Sottevillais CC - French Regional 1 - Normandie - Group B,GK,22,£0.00,0.00,0.00,0.00,12.13,12.13,0,0,0,7.35,1.17,1.17,0.00,0,20.47,0.59,0,2.00,0,0.00
18089879,Yanno Vanwelkenhuysen - Belgian,VV Zepperen-Brustem - Belgian Third Amateur Division VV B,GK,27,£0.00,0.00,0.00,0.00,11.98,11.98,0,0,0,7.35,1.12,1.12,0.00,0,20,0.6,0,1.00,0,0.00
91203914,Paul Löhr - German,Kirchfeld - German Lower Division,GK,23,£0.00,0.00,0.00,0.00,12.05,12.05,0,0,0,7.47,1,1,0.00,0,20,0.6,0,0.00,0,0.00
18115915,Logan Charlo - Belgian,Pays Vert Ostiches-Ath - Belgian Third Amateur Division ACFF C,GK,23,£0.00,0.00,0.00,0.00,12.82,12.82,0,0,0,7.46,1.17,1.17,0.00,0,20.53,0.62,0,0.00,0,200.00
18083975,Dieter Creemers - Belgian,K Lutlommel VV - Limburg Provincial Division,GK,26,£0.00,0.00,0.00,0.00,12.06,12.06,0,0,0,7.26,1.26,1.26,0.00,0,20.3,0.59,0,3.00,0,0.00
18094629,Brent Callewaert - Belgian,KVC Ardooie - West-Flanders Provincial Division,GK,26,£0.00,0.00,0.00,0.00,11.98,11.98,0,0,0,7.59,1,1,0.00,0,20,0.6,0,1.00,0,0.00
18089350,Oussayd Belkouch - Moroccan,ASV Geel - Belgian Third Amateur Division VV B,GK,28,£0.00,0.00,0.00,0.00,12.39,12.39,0,0,0,7.36,1.02,1.02,0.00,0,20.48,0.6,0,2.00,0,0.00
18089496,Gio Fasco - Belgian,K Kalmthout SK - Antwerp Provincial Division,GK,26,£0.00,0.00,0.00,0.00,11.83,11.83,0,0,0,7.39,1.12,1.12,0.00,0,20,0.59,0,3.00,0,0.00
92092188,Lucas Hiemann - German,FSV Zwickau - German Regional Division Northeast,GK,25,£0.00,0.00,0.00,0.00,11.84,11.84,0,0,0,7.1,1.42,1.42,0.00,0,20,0.59,0,0.00,0,575.00
18111328,Wout Wijns - Belgian,VCE Mazenzele-Opwijk - Brabant Provincial Division (Fla),GK,24,£0.00,0.00,0.00,0.00,12.05,12.05,0,0,0,7.42,1.02,1.02,0.00,0,20,0.6,0,2.00,0,0.00
18074010,Kevin Frans - Belgian,KVE Drongen - East-Flanders Provincial Division,GK,28,£0.00,0.00,0.00,0.00,11.66,11.66,0,0,0,7.41,0.8,0.8,0.00,0,20,0.58,0,2.00,0,0.00
65042913,Jean-Noël Amonome - Gabonese,AS Arta - Djiboutian Premier Division,GK,26,£0.00,0.00,0.00,0.00,12.61,12.61,0,0,0,7.36,1.09,1.09,0.00,0,20.75,0.61,0,1.00,0,275.00
18097540,Olivier Djerdi - Belgian,FC Dadizele - West-Flanders Provincial Division,GK,26,£0.00,0.00,0.00,0.00,11.95,11.95,0,0,0,7.54,0.95,0.95,0.00,0,20,0.6,0,0.00,0,0.00
14182225,Juan Martín Boiero - Argentinian,Campora - Italian Promozione Calabria Grp.A,GK,28,£0.00,0.00,0.00,0.00,12,12,0,0,0,7.58,1,1,0.00,0,20,0.6,0,2.00,0,0.00
49047131,Guillaume Biévez - Belgian,Pays Vert Ostiches-Ath - Belgian Third Amateur Division ACFF C,GK,24,£0.00,0.00,0.00,0.00,11.76,11.76,0,0,0,7.3,1.07,1.07,0.00,0,20,0.59,0,2.00,0,475.00
2000058723,Senne Geerts - Belgian,KSK Wavria - Antwerp Provincial Division,GK,20,£0.00,0.00,0.00,0.00,12.24,12.24,0,0,0,7.29,1.05,1.05,0.00,0,20,0.61,0,2.00,0,0.00
2000062203,Emilio Milts - Belgian,Juve Hasselt - Limburg Provincial Division,GK,20,£0.00,0.00,0.00,0.00,12.35,12.35,0,0,0,7.35,1.12,1.12,0.00,0,20.45,0.6,0,0.00,0,0.00
2000088105,Mohamed Kamara - Sierra Leonean,Horoya AC - Guinean Premier Division,GK,25,£0.00,0.00,0.00,0.00,12.18,12.18,0,0,0,7.54,1.05,1.05,0.00,0,20.5,0.59,0,3.00,0,100.00
70104622,Tümay Yavuz - Turkish,Sporting Bruxelles - Brabant Provincial Division (Wal),GK,28,£0.00,0.00,0.00,0.00,12,12,0,0,0,7.27,1.16,1.16,0.00,0,20,0.6,0,1.00,0,0.00
29156427,Harry Wright - English,Witton - English Northern Premier League Division One West,GK,25,£0.00,0.00,0.00,0.00,11.79,11.79,0,0,0,7.22,1.36,1.36,0.00,0,20,0.59,0,0.00,0,0.00
2000082695,Martín Panetta - Argentinian,Atletico Bono - Italian Prima Categoria Sardegna Grp. C,GK,24,£0.00,0.00,0.00,0.00,11.6,11.6,0,0,0,7.55,1.12,1.12,0.00,0,20,0.58,0,1.00,0,0.00
14217175,Juré Marinovich - Argentinian,Ordino - Andorran First Division,GK,24,£0.00,0.00,0.00,0.00,12.21,12.21,0,0,0,7.37,0.97,0.97,0.00,0,20.54,0.59,0,0.00,1,25.00
18095106,Yoran Verdeyen - Belgian,KV Bonheiden - Antwerp Provincial Division,GK,26,£0.00,0.00,0.00,0.00,12.05,12.05,0,0,0,7.22,1.17,1.17,0.00,0,20,0.6,0,0.00,0,0.00
2000201267,Lowie Rombouts - Belgian,K Antonia FC - Antwerp Provincial Division,GK,20,£0.00,0.00,0.00,0.00,11.39,11.39,0,0,0,7.29,1.29,1.29,0.00,0,20,0.57,0,2.00,0,0.00
18082227,Guenael Mazzara - Belgian,RAF Oppagne-Weris - Luxembourg Provincial Division,GK,28,£0.00,0.00,0.00,0.00,12.18,12.18,0,0,0,7.21,1.09,1.09,0.00,0,20.38,0.6,0,1.00,0,0.00
37041387,Petar Stošković - Dutch,UNA - Dutch Derde Divisie B,GK,30,£0.00,2.00,0.00,1.00,13,13,0,-0.03,-0.03,7.35,0.8,0.8,0.00,0,20.6,0.63,0,0.00,0,0.00
2000027858,Tommy Jackson - English,Hanley - English Northern Premier League Division One West,GK,20,£0.00,0.00,0.00,0.00,11.07,11.07,0,0,0,7.26,1.1,1.1,0.00,0,20,0.55,0,2.00,0,0.00
2000024717,Gian Marco Fantoni - Italian,Nocerina - Italian Serie D Grp. G,GK,20,£0.00,0.00,0.00,0.00,11.7,11.7,0,0,0,7.07,1.28,1.28,0.00,0,20,0.58,0,0.00,0,400.00
2000108455,Niclas Rautinger - German,Feucht - German Div. Bavaria North,GK,20,£0.00,0.00,0.00,0.00,12.01,12.01,0,0,0,7.11,1.26,1.26,0.00,0,20.41,0.59,0,0.00,0,0.00
89051011,Hafed Al Droubi - Jordanian,Rayners Lane - English Combined Counties League Premier North,GK,29,£0.00,0.00,0.00,0.00,12.26,12.26,0,0,0,7.65,0.96,0.96,0.00,0,20.72,0.59,0,2.00,0,0.00
18077538,Jordy Mervilde - Belgian,KWS Club Lauwe - West-Flanders Provincial Division,GK,28,£0.00,2.00,1.00,0.00,11.83,11.83,0,0.04,0.04,7.55,0.95,0.95,0.00,0,19.95,0.59,0,4.00,0,0.00
18075302,Julien Compas - Belgian,Standard Bièvre - Namur Provincial Division,GK,29,£0.00,0.00,0.00,0.00,11.99,11.99,0,0,0,7.48,1.02,1.02,0.00,0,20.36,0.59,0,2.00,0,0.00
2000251767,Dean Easton - Scottish,Lochee Utd - Scottish Midlands League,GK,29,£0.00,0.00,0.00,0.00,12.3,12.3,0,0,0,7.46,0.95,0.95,0.00,0,20,0.62,0,1.00,0.33,0.00
85087275,Florent Maddaloni - French,Carnoux FC - French Regional 1 - Méditerranée,GK,29,£0.00,0.00,0.00,0.00,12.21,12.21,0,0,0,7.76,0.88,0.88,0.00,0,20,0.61,0,3.00,0,0.00
18095185,Cillian Erkens - Belgian,RC Waterloo - Brabant Provincial Division (Wal),GK,28,£0.00,2.00,1.00,0.00,11.99,11.99,0,-0.04,-0.04,7.22,1.48,1.48,0.00,0,20.88,0.57,0,0.00,0,0.00
43093956,Valerio Vimercati - Italian,Noah - Armenian High League,GK,29,£0.00,0.00,0.00,0.00,11.98,11.98,0,0,0,6.31,1.44,1.44,0.00,0,20.52,0.58,0,0.00,0,550.00
2000025003,Giovanni Bonagura - Italian,Gladiator - Italian Serie D Grp. G,GK,20,£0.00,0.00,0.00,0.00,12.03,12.03,0,0,0,7.15,1.14,1.14,0.00,0,20.37,0.59,0,1.00,0,450.00
55082900,Thierry Graça - Cape Verdean,Batuque - São Vicente Premier Division,GK,29,£0.00,0.00,0.00,0.00,11.77,11.77,0,0,0,6.93,1.35,1.35,0.00,0,20,0.59,0,0.00,0,20.00
18116174,Jeremie Sumbu Nganga - Belgian,ROFC Stockel - Brabant Provincial Division (Wal),GK,21,£0.00,3.00,1.00,0.00,12.51,12.51,0,0.02,0.02,7.57,1,1,0.00,0.02,20.02,0.62,0,3.00,0,0.00
18089770,Nicola Hanselaer - Belgian,Heikant Zele - East-Flanders Provincial Division,GK,26,£0.00,4.00,0.00,5.00,12.61,12.61,0,0.08,0.08,7.46,1,1,0.00,0,20.48,0.62,0,1.00,1,0.00
37071094,Jomar Gomes - Dutch,Barendrecht - Dutch Derde Divisie B,GK,24,£0.00,4.00,3.00,1.00,12.07,12.07,0,0.02,0.02,7.36,1.14,1.14,0.00,0,19.98,0.6,0,2.00,0,0.00
18110849,Edson Lopes - Belgian,KVK Svelta Melsele - East-Flanders Provincial Division,GK,23,£0.00,5.00,1.00,1.00,12.44,12.44,0,0.05,0.05,7.29,0.98,0.98,0.00,0,20.22,0.62,0,2.00,0,0.00
2000036520,Mathis Godet - French,ES Montilliers - French Regional Divisions,GK,20,£0.00,0.00,0.00,0.00,11.93,11.93,0,0,0,7.56,1.18,1.18,0.00,0,20,0.6,0,1.00,0,0.00
13117437,Felix Annan - Ghanaian,Carlton - English Northern Premier League Division One East,GK,29,£0.00,0.00,0.00,0.00,11.81,11.81,0,0,0,7.59,1,1,0.00,0,20,0.59,0,2.00,0,100.00
2000253032,Jordi Raul Alnonte Acevedo - Dominican Republic,TOGB - Dutch Derde Divisie B,GK,24,£0.00,8.00,1.00,3.00,11.32,11.32,0,0.05,0.05,6.62,1.52,1.52,0.00,0,20.54,0.55,0,1.00,0,0.00
18097604,Fabio Vandenbossche - Belgian,Merchtem United - Brabant Provincial Division (Fla),GK,25,£0.00,0.00,0.00,0.00,11.56,11.56,0,0,0,7.16,1.02,1.02,0.00,0,20,0.58,0,1.00,0,0.00
2000158497,Ibrahim Sesay - Sierra Leonean,Bo Rangers - Sierra Leonean Premier Division,GK,19,£0.00,9.00,3.00,5.00,12.14,12.14,0,0.04,0.04,7.15,1.38,1.38,0.00,0,20.31,0.6,0,1.00,1,100.00
2000063975,Adam Sakouane - Belgian,ROFC Stockel - Brabant Provincial Division (Wal),GK,20,£0.00,0.00,0.00,0.00,11.99,11.99,0.02,0,0,7.23,0.98,0.98,0.00,0.05,20.27,0.59,0.07,1.00,0,0.00
18095774,Robin Bradt - Belgian,VC Zwijnaarde - East-Flanders Provincial Division,GK,25,£0.00,0.00,0.00,0.00,11.66,11.66,0,0,0,7.32,1.2,1.2,0.00,0,20,0.58,0,0.00,0,0.00
18081898,Miguel Libbrecht - Belgian,KSK Steenbrugge - West-Flanders Provincial Division,GK,29,£0.00,0.00,0.00,0.00,12.15,12.15,0,0,0,7.12,1.32,1.32,0.00,0,20.49,0.59,0,2.00,0,0.00
18045361,Adrien Faidherbe - Belgian,ASE de Chastre - Brabant Provincial Division (Wal),GK,29,£0.00,0.00,0.00,0.00,12.2,12.2,0,0,0,7.77,0.98,0.98,0.00,0,20,0.61,0,3.00,0,0.00
52073652,Jack Boggs - Northern Irish,Strabane Ath - Northern Irish Ballymena Intermediate League B,GK,28,£0.00,16.00,2.00,4.00,12.43,12.43,0,-0.08,-0.08,6.99,1.33,1.33,0.00,0,20.62,0.6,0,2.00,0,0.00
18027236,Jordy Maes - Belgian,KFC Merelbeke - Belgian Second Amateur Division VV A,GK,30,£0.00,34.00,9.00,26.00,9.68,9.68,0,-0.25,-0.25,6.79,1.07,1.07,1.00,0.03,19.87,0.49,0,3.00,0.33,200.00
18115857,Wim Vanmarsenille - Belgian,Esperanza Pelt - Belgian Third Amateur Division VV B,GK,21,£0.00,38.00,19.00,24.00,10.82,10.82,0,0.17,0.17,6.95,0.76,0.76,2.00,0.03,21.53,0.5,0,4.00,0,0.00
2000279502,Diego Bairamjan - Belgian,Union Hutoise - Belgian Third Amateur Division ACFF D,GK,22,£0.00,45.00,14.00,17.00,12.62,12.62,0,-0.45,-0.45,6.28,1.7,1.7,2.00,0,21.83,0.58,0,0.00,0,200.00
19264240,Bryan - Brazilian,Institute - Playr-Fit Championship,GK,27,£0.00,48.00,12.00,23.00,12.14,12.14,0,0.01,0.01,6.71,0.99,0.99,2.00,0,21.06,0.58,0,1.00,1,75.00
18052066,Oguzhan Demirci - Turkish,KFC Anadol - Limburg Provincial Division,GK,29,£0.00,0.00,0.00,0.00,11.9,11.9,0,0,0,7.55,0.85,0.85,0.00,0,20,0.6,0,3.00,0,0.00
18076123,Andreas Smits - Belgian,K Sint-Job FC - Antwerp Provincial Division,GK,30,£0.00,0.00,0.00,0.00,11.83,11.83,0,0,0,7.12,1.29,1.29,0.00,0,20,0.59,0,3.00,0,0.00
2000057801,Charlie Woods - English,Quorn - English Northern Premier League Division One Mids,GK,20,£0.00,0.00,0.00,0.00,12.5,12.5,0,0,0,7.26,1.25,1.25,0.00,0,20.36,0.61,0,1.00,0,0.00
18095298,Maxim Figys - Belgian,KFC Voorde-Appelterre - Belgian Second Amateur Division VV A,GK,27,£0.00,50.00,21.00,31.00,11,11,0,-0.13,-0.13,6.67,1.3,1.3,2.00,0,19.7,0.56,0,5.00,0.2,210.00
13131417,Seck Diabagaté - Ivorian,RC Abidjan - Ivorian Ligue 1,GK,27,£0.00,51.00,12.00,28.00,11.2,11.2,0,0.31,0.31,6.84,1.01,1.01,2.00,0.05,19.11,0.59,0,2.00,0,0.00
2000125949,Romain Lambert - Belgian,RES Vaux-Noville - Luxembourg Provincial Division,GK,19,£0.00,0.00,0.00,0.00,12,12,0,0,0,7.4,1.15,1.15,0.00,0,20,0.6,0,1.00,0,0.00
2000005873,Galisteo - Spanish,Vianés - Spanish Federation Third Group 16,GK,25,£0.00,0.00,0.00,0.00,11.79,11.79,0,0,0,7.31,1.28,1.28,0.00,0,20,0.59,0,2.00,0,35.00
18082067,Chris Espeso - Belgian,Ganshoren - Belgian Second Amateur Division ACFF C,GK,29,£0.00,51.00,23.00,23.00,8.86,8.86,0,-0.14,-0.14,6.87,1.09,1.09,2.00,0.02,19.66,0.45,0,1.00,0,200.00
2000101321,Luca Pedretti - German,Worms - German Div. Rhineland-Palatinate/Saar,GK,22,£0.00,53.00,19.00,26.00,11.48,11.48,0,-0.32,-0.32,6.28,1.66,1.66,2.00,0,20.62,0.56,0,1.00,0,120.00
18078978,Jeffrey Pauwels - Belgian,Lille Utd - Belgian Second Amateur Division VV B,GK,28,£0.00,54.00,20.00,21.00,10.21,10.21,0,-0.02,-0.02,6.72,0.97,0.97,2.00,0.02,19.91,0.51,0,3.00,0,210.00
2000109461,Tobias Büchmann - German,Gifhorn - German Lower Division,GK,19,£0.00,0.00,0.00,0.00,11.56,11.56,0,0,0,6.62,1.51,1.51,0.00,0,20,0.58,0,0.00,0.5,0.00
2000104784,Domenico Moro - Italian,Sanremese - Italian Serie D Grp. A,GK,19,£0.00,0.00,0.00,0.00,11.97,11.97,0,0,0,6.76,1.51,1.51,0.00,0,20.81,0.58,0,0.00,0,190.00
2000098318,Matteo Raffaelli - Italian,L'Aquila - Italian Serie D Grp. F,GK,19,£0.00,0.00,0.00,0.00,11.7,11.7,0,0,0,7.34,1.19,1.19,0.00,0,20,0.58,0,2.00,0,190.00
18059743,Quentin Simonis - Belgian,R Herve FC - Liège Provincial Division,GK,30,£0.00,0.00,0.00,0.00,11.61,11.61,0,0,0,7.4,0.8,0.8,0.00,0,20,0.58,0,2.00,0,0.00
18058897,Simon Vandervelden - Belgian,ASS Montkainoise - Hainaut Provincial Division,GK,30,£0.00,0.00,0.00,0.00,11.86,11.86,0,0,0,7.14,1.27,1.27,0.00,0,20.39,0.58,0,0.00,0,0.00
37052472,Joost Meendering - Dutch,FC Lisse - Dutch Tweede Divisie,GK,26,£0.00,58.00,12.00,25.00,14.3,14.3,0,0.15,0.15,6.62,1.26,1.26,2.00,0.08,22.5,0.64,0,1.00,1,0.00
2000097965,Davide Franzini - Italian,Clodiense - Italian Serie D Grp. C,GK,19,£0.00,0.00,0.00,0.00,12.05,12.05,0,0,0,7.17,1.5,1.5,0.00,0,20.81,0.58,0,0.00,0,220.00
2000098473,Victor Gobbetti - Italian,Schio - Italian Eccellenza Veneto Grp.A,GK,19,£0.00,0.00,0.00,0.00,12.23,12.23,0,0,0,7.5,1.16,1.16,0.00,0,20,0.61,0,2.00,0,130.00
85078655,Christopher Dilo - French,AS Arta - Djiboutian Premier Division,GK,30,£0.00,0.00,0.00,0.00,12.45,12.45,0,0,0,7.46,1.19,1.19,0.00,0,20.47,0.61,0,3.00,0,230.00
18019967,Kasper Monné - Belgian,KV Hooikt - Antwerp Provincial Division,GK,30,£0.00,0.00,0.00,0.00,11.98,11.98,0,0,0,7.5,0.95,0.95,0.00,0,20,0.6,0,3.00,0,0.00
2000127640,Jarno Cacciatore - Belgian,RAS Monceau-Chätelet - Belgian Third Amateur Division ACFF C,GK,19,£0.00,0.00,0.00,0.00,12.07,12.07,0,0,0,7.18,1.32,1.32,0.00,0,20,0.6,0,0.00,0,200.00
2000032168,Enrico Piu - German,Reutlingen - German Div. Baden-Württemberg,GK,24,£0.00,58.00,29.00,30.00,12.13,12.13,0,0.04,0.04,6.44,1.4,1.4,3.00,0.05,21.41,0.57,0,1.00,0,170.00
12028905,Lassane Nikiéma - Burkinabé,De Dijk - Dutch Eerste Klasse A,GK,30,£0.00,0.00,0.00,0.00,12.63,12.63,0,0,0,7.5,1.06,1.06,0.00,0,20.77,0.61,0,1.00,0,0.00
52092104,Geoff McKinty - Northern Irish,Crewe Utd - Northern Irish Mid Ulster Intermediate A,GK,28,£0.00,59.00,18.00,43.00,10.62,10.62,0,-0.3,-0.3,6.23,2.08,2.08,3.00,0,22.43,0.47,0,0.00,0.25,0.00
29073661,David Hughes - Welsh,Bowers & Pitsea - English Isthmian League North Division,GK,30,£0.00,0.00,0.00,0.00,12.33,12.33,0,0,0,7.34,1.19,1.19,0.00,0,20,0.62,0,4.00,0,0.00
18093795,Yannick Van Zele - Belgian,RAS Saintoise - Brabant Provincial Division (Wal),GK,26,£0.00,0.00,0.00,0.00,12.07,12.07,0,0,0,7.32,0.88,0.88,0.00,0,20,0.6,0,0.00,0,0.00
18050403,Jeroen Hofmans - Belgian,KFC Zwarte Leeuw - Belgian Third Amateur Division VV B,GK,30,£0.00,0.00,0.00,0.00,12.02,12.02,0,0,0,7.62,0.95,0.95,0.00,0,20,0.6,0,6.00,0,200.00
2000098487,Leonardo Moccia - Italian,Palmese (NA) - Italian Serie D Grp. H,GK,19,£0.00,0.00,0.00,0.00,11.92,11.92,0,0,0,7.54,1.28,1.28,0.00,0,20,0.6,0,2.00,0,220.00
18083572,Quintijn Steelant - Belgian,RFC Wetteren - Belgian Second Amateur Division VV A,GK,27,£0.00,61.00,15.00,30.00,13.25,13.25,0,0.33,0.33,6.84,0.92,0.92,2.00,0.03,21.75,0.61,0,3.00,0.33,210.00
37058001,Mike van de Meulenhof - Dutch,Kozakken Boys - Dutch Tweede Divisie,GK,25,£0.00,62.00,15.00,29.00,11.64,11.64,0,0.05,0.05,6.6,1.16,1.16,2.00,0.05,21.54,0.54,0,1.00,0.17,0.00
50067511,Jérémy Brunerol - French,FC 2 Rives 82 - French Regional 1 - Occitanie - Group C,GK,30,£0.00,0.00,0.00,0.00,11.81,11.81,0,0,0,7.17,1.33,1.33,0.00,0,20,0.59,0,1.00,0,0.00
2000130018,Alessandro Casadei - Italian,Gambettola - Italian Eccellenza Emilia-Romagna Grp.B,GK,19,£0.00,0.00,0.00,0.00,11.79,11.79,0,0,0,7.09,1.3,1.3,0.00,0,20,0.59,0,2.00,0,130.00
43153068,Alessandro Livieri - Italian,Catania - Italian Serie C/C,GK,27,£0.00,65.00,18.00,27.00,11.24,11.24,0,0.06,0.06,6.67,1.13,1.13,2.00,0.03,21.89,0.51,0,4.00,0.4,"2,700.00"
37079076,Ischa Bouwman - Dutch,Noordwijk - Dutch Tweede Divisie,GK,21,£0.00,68.00,17.00,20.00,12.12,12.12,0,-0.09,-0.09,6.48,1.69,1.69,3.00,0.06,21.68,0.56,0,2.00,0,0.00
2000275952,Terence Madelaine - French,SU Dives - Cabourg - French National 3 - Group F,GK,18,£0.00,0.00,0.00,0.00,11.79,11.79,0,0,0,6.8,1.49,1.49,0.00,0,20,0.59,0,0.00,0,0.00
37062254,Kevin Truyts - Dutch,FC Berlaar-Heikant - Antwerp Provincial Division,GK,25,£0.00,69.00,16.00,36.00,13.1,13.1,0,0.01,0.01,6.63,1.47,1.47,3.00,0.15,21.8,0.6,0,4.00,0.25,0.00
18096678,Andreas Suederick - Belgian,RSD Jette - Belgian Second Amateur Division ACFF C,GK,24,£0.00,70.00,18.00,34.00,11.02,11.02,0,0.03,0.03,6.78,1.23,1.23,3.00,0.05,19.58,0.56,0,5.00,0,210.00
43266785,Gabriel Meli - Italian,Recanatese - Italian Serie C/B,GK,25,£0.00,71.00,19.00,38.00,12.37,12.37,0,-0.31,-0.31,6.51,1.51,1.51,3.00,0,24.07,0.51,0,1.00,0.17,775.00
18112597,Gillian Verbrugge - Belgian,Oudenaarde - Belgian Second Amateur Division VV A,GK,24,£0.00,73.00,18.00,34.00,8.82,8.82,0,0.05,0.05,6.25,1.72,1.72,3.00,0.03,20.74,0.43,0,1.00,0,200.00
2000189392,Lucas Alexandre - French,RES Acrenoise Lessines - Belgian Second Amateur Division ACFF C,GK,25,£0.00,90.00,17.00,31.00,10.21,10.21,0,-0.15,-0.15,6.29,1.71,1.71,3.00,0.05,21.76,0.47,0,0.00,0.43,85.00
2000219227,Juanpe - Spanish,U.E. Santa Coloma - Andorran First Division,GK,25,£0.00,0.00,0.00,0.00,11.67,11.67,0,0,0,7.29,1.24,1.24,0.00,0,20.42,0.57,0,2.00,0,20.00