Inf,UID,Name,Club,Position,Age,Transfer Value,Svp,Svt,Svh,Sv %,Ps C/90,Int/90,xSv %,xGP/90,Av Rat,Gwin,All/90,Pens Faced,Saves/90,Salary,Rec
Yth,r-2002072365,Nigel Irwin - Northern Irish,Rathfriland Rangers - Playr-Fit Premier Intermediate League,GK,16,£4K - £12K,37,10,17,62%,9.44,-,85%,-0.07,6.71,56%,1.09,3,1,N/A,- - -
Int,2000256212,Callan McKenna - Scottish,Queen's Park - cinch Championship,GK,17,£250K - £2.5M,63,17,35,72%,14.26,-,88%,0.15,6.79,36%,1.05,2,2,£625 p/w,- - -
Yth,2000263814,Cristian Lorenzi - Italian,Carpi - Italian Serie D Grp. D,GK,18,£0 - £20K,0,0,0,0%,11.16,-,0%,0,6.18,0%,1.4,0,-,£190 p/w,- - -
,2000175080,Dennis Seimen - German,VfB Stuttgart II - German Regional Division Southwest,GK,18,£18.5M - £28M,56,27,31,75%,16,-,88%,0.2,6.95,47%,1.12,3,3,"£6,500 p/w",- - -
Yth,2000106914,Angelo Gaglione - Italian,Afragolese - Italian Eccellenza Campania Grp.A,GK,18,£0 - £35K,0,0,0,0%,12.14,-,0%,0,7.26,0%,1.12,0,-,£130 p/w,- - -
Yth,2000098889,Jacopo Ermini - Italian,Terranuova Traiana - Italian Eccellenza Toscana Grp.B,GK,18,£12K - £35K,0,0,0,0%,12.21,-,0%,0,7.39,0%,1.29,0,-,£130 p/w,- - -
Ctr,2000275952,Terence Madelaine - French,SU Dives - Cabourg - French National 3 - Group F,GK,18,£0,0,0,0,0%,11.79,-,0%,0,6.8,0%,1.49,0,-,N/A,- - -
,2000140361,Francesco Raffaelli - Italian,Grosseto - Italian Serie D Grp. E,GK,19,£60K - £180K,0,0,0,0%,12.09,-,0%,0,7.48,0%,1.3,0,-,"£1,200 p/w",- - -
Yth,2000130018,Alessandro Casadei - Italian,Gambettola - Italian Eccellenza Emilia-Romagna Grp.B,GK,19,£0,0,0,0,0%,11.79,-,0%,0,7.09,0%,1.3,0,-,£130 p/w,- - -
,2000106640,Luca Martelli - Italian,Corticella - Italian Serie D Grp. D,GK,19,£30K - £300K,0,0,0,0%,12.26,-,0%,0,7.17,0%,1.16,0,-,£450 p/w,- - -
,2000140255,Tom Finch - English,St. Neots - English United Counties League Premier South,GK,19,£10K - £100K,0,0,0,0%,11.44,-,0%,0,7.09,0%,1.15,0,-,£300 p/w,- - -
Yth,2000098487,Leonardo Moccia - Italian,Palmese (NA) - Italian Serie D Grp. H,GK,19,£0,0,0,0,0%,11.92,-,0%,0,7.54,0%,1.28,0,-,£220 p/w,- - -
Int,2000094715,Guillaume Restes - French,Toulouse FC - Ligue 1 Uber Eats,GK,19,£47M - £57M,77,34,63,76%,19.01,-,87%,0.25,6.66,30%,1.36,4,4,"£11,000 p/w",- - -
,2000102027,Manuel Esposito - Italian,Campobasso - Italian Serie D Grp. F,GK,19,£6K - £60K,0,0,0,0%,12,-,0%,0,7.47,0%,1.07,0,-,£450 p/w,- - -
,2000127640,Jarno Cacciatore - Belgian,RAS Monceau-Chätelet - Belgian Third Amateur Division ACFF C,GK,19,£0,0,0,0,0%,12.07,-,0%,0,7.18,0%,1.32,0,-,£200 p/w,- - -
Yth,2000098473,Victor Gobbetti - Italian,Schio - Italian Eccellenza Veneto Grp.A,GK,19,£0,0,0,0,0%,12.23,-,0%,0,7.5,0%,1.16,0,-,£130 p/w,- - -
Yth,2000097965,Davide Franzini - Italian,Clodiense - Italian Serie D Grp. C,GK,19,£0,0,0,0,0%,12.05,-,0%,0,7.17,0%,1.5,0,-,£220 p/w,- - -
Yth,2000098318,Matteo Raffaelli - Italian,L'Aquila - Italian Serie D Grp. F,GK,19,£0,0,0,0,0%,11.7,-,0%,0,7.34,0%,1.19,0,-,£190 p/w,- - -
Yth,2000104784,Domenico Moro - Italian,Sanremese - Italian Serie D Grp. A,GK,19,£0,0,0,0,0%,11.97,-,0%,0,6.76,0%,1.51,0,-,£190 p/w,- - -
Ama,2000109461,Tobias Büchmann - German,Gifhorn - German Lower Division,GK,19,£0,0,0,0,0%,11.56,-,0%,0,6.62,0%,1.51,2,-,N/A,- - -
,2000164874,Adrián Suárez - Spanish,Villarreal C - Spanish Federation Third Group 6,GK,19,£16K - £170K,49,19,21,66%,10.87,-,90%,0.08,6.53,38%,1.3,2,2,£250 p/w,- - -
,2000158497,Ibrahim Sesay - Sierra Leonean,Bo Rangers - Sierra Leonean Premier Division,GK,19,£0,9,3,5,89%,12.14,-,90%,0.04,7.15,0%,1.38,1,0,£100 p/w,- - -
,2000273914,Sergio Aragoneses - Spanish,Tenerife C - Spanish Preferente Tenerife,GK,19,£0 - £40K,53,16,27,69%,12.68,-,87%,0.26,6.82,50%,1.16,2,2,£250 p/w,- - -
,2000034841,Valerio Boffelli - Italian,Cavese - Italian Serie D Grp. G,GK,19,£45K - £130K,83,16,26,70%,10.78,-,89%,-0.12,6.49,23%,1.45,13,2,£350 p/w,- - -
Ama,2000125949,Romain Lambert - Belgian,RES Vaux-Noville - Luxembourg Provincial Division,GK,19,£0,0,0,0,0%,12,-,0%,0,7.4,0%,1.15,0,-,N/A,- - -
,2000098968,Lorenzo Pollini - Italian,Cjarlins - Italian Serie D Grp. C,GK,19,£35K - £375K,0,0,0,0%,12.16,-,0%,0,7.65,0%,0.81,0,-,£450 p/w,- - -
,2000162595,Max Weiß - German,KSC II - German Lower Division,GK,19,£55K - £550K,47,17,22,75%,12.76,-,89%,0.14,6.92,53%,0.91,1,2,"£1,600 p/w",- - -
Ctr,2000057801,Charlie Woods - English,Quorn - English Northern Premier League Division One Mids,GK,20,£0,0,0,0,0%,12.5,-,0%,0,7.26,0%,1.25,0,-,N/A,- - -
,2000008479,Alexis Gonthiez - French,Stade Plabennécois - French National 3 - Group E,GK,20,£0 - £1.5K,1,3,1,83%,12.35,-,94%,0.02,7.36,2%,0.87,0,0,£210 p/w,- - -
,2000065824,Mio Backhaus - German,FC Volendam - Eredivisie,GK,20,£350K - £3.6M,78,29,36,75%,15.43,-,89%,0.31,6.65,26%,1.24,1,3,"£2,500 p/w",- - -
Ama,2000063975,Adam Sakouane - Belgian,ROFC Stockel - Brabant Provincial Division (Wal),GK,20,£0,0,0,0,0%,11.99,0.02,0%,0,7.23,0%,0.98,0,-,N/A,- - -
,2000021382,Andrea Piga - Italian,Folgore Caratese - Italian Serie D Grp. B,GK,20,£0 - £18K,0,0,0,0%,11.44,-,0%,0,7.08,0%,1.14,0,-,£275 p/w,- - -
Yth,2000076421,Iker Vélez - Spanish,Marina Sport - Spanish U19 Division 2 Group 17,GK,20,£18K - £55K,0,0,0,0%,12.25,-,0%,0,7.49,0%,1.18,0,-,£25 p/w,- - -
Ama,2000036520,Mathis Godet - French,ES Montilliers - French Regional Divisions,GK,20,£0,0,0,0,0%,11.93,-,0%,0,7.56,0%,1.18,0,-,N/A,- - -
,2000075640,Lorenzo Viti - Italian,Carpi - Italian Serie D Grp. D,GK,20,£0 - £30K,0,0,0,0%,12.31,-,0%,0,7.33,0%,1.02,0,-,£450 p/w,- - -
,2000075816,Auxence Gruaud - French,Dunkerque - Ligue 2 BKT,GK,20,£30K - £325K,0,0,0,0%,12.47,-,0%,0,7.17,0%,1.15,0,-,£425 p/w,- - -
,2000025003,Giovanni Bonagura - Italian,Gladiator - Italian Serie D Grp. G,GK,20,£0,0,0,0,0%,12.03,-,0%,0,7.15,0%,1.14,0,-,£450 p/w,- - -
,2000218535,Karl Essoh - French,Sannois SG - French National 3 - Group G,GK,20,£5K - £50K,0,0,0,0%,11.97,-,0%,0,7.18,0%,1.28,0,-,£775 p/w,- - -
Ama,2000108455,Niclas Rautinger - German,Feucht - German Div. Bavaria North,GK,20,£0,0,0,0,0%,12.01,-,0%,0,7.11,0%,1.26,0,-,N/A,- - -
,2000024717,Gian Marco Fantoni - Italian,Nocerina - Italian Serie D Grp. G,GK,20,£0,0,0,0,0%,11.7,-,0%,0,7.07,0%,1.28,0,-,£400 p/w,- - -
Ctr,2000027858,Tommy Jackson - English,Hanley - English Northern Premier League Division One West,GK,20,£0,0,0,0,0%,11.07,-,0%,0,7.26,0%,1.1,0,-,N/A,- - -
Wnt,2000024762,Davide Mastrantonio - Italian,Monterosi - Italian Serie C/C,GK,20,£26K - £275K,75,20,29,74%,14.17,-,88%,0.21,6.79,25%,1.17,7,3,"£1,400 p/w",- - -
,2000163736,Joshua Bysouth - Scottish,Irvine Meadow - West of Scotland Premier Division,GK,20,£0 - £16K,0,0,0,0%,12,-,0%,0,7.04,0%,1.26,1,-,£150 p/w,- - -
Ama,2000201267,Lowie Rombouts - Belgian,K Antonia FC - Antwerp Provincial Division,GK,20,£0,0,0,0,0%,11.39,-,0%,0,7.29,0%,1.29,0,-,N/A,- - -
,2000212919,Phil Kolvenbach - German,Eimsbüttel - German Regional Division North,GK,20,£2K - £20K,63,27,34,70%,10.14,-,88%,0.09,6.53,33%,1.33,3,2,£250 p/w,- - -
,2000071278,Fabian Eutinger - German,Rain - German Div. Bavaria South,GK,20,£0 - £100K,0,0,0,0%,12.25,-,0%,0,7.27,0%,1.02,0,-,£700 p/w,- - -
,2000199753,Raúl Valdés - Spanish,Siete Villas - Spanish Federation Third Group 3,GK,20,£16K - £45K,0,0,0,0%,11.84,-,0%,0,7.3,0%,0.79,0,-,£300 p/w,- - -
Ama,2000062203,Emilio Milts - Belgian,Juve Hasselt - Limburg Provincial Division,GK,20,£0,0,0,0,0%,12.35,-,0%,0,7.35,0%,1.12,0,-,N/A,- - -
Ama,2000058723,Senne Geerts - Belgian,KSK Wavria - Antwerp Provincial Division,GK,20,£0,0,0,0,0%,12.24,-,0%,0,7.29,0%,1.05,0,-,N/A,- - -
,49062632,Enzo Garrido - French,Blagnac FC - French National 3 - Group B,GK,20,£0 - £6K,2,1,1,66%,13.35,0.09,91%,0.03,7.58,7%,1,0,0,£160 p/w,- - -
,43500718,Alberto Rossi - Italian,Manfredonia - Italian Serie D Grp. H,GK,20,£0 - £110K,0,0,0,0%,11.71,-,0%,0,7.26,0%,1.18,0,-,£250 p/w,- - -
,2000072752,Francesco Bruno - Italian,Pro Gorizia - Italian Eccellenza Friuli-Venezia Giulia,GK,20,£0 - £35K,0,0,0,0%,11.67,-,0%,0,7.33,0%,1.02,0,-,£230 p/w,- - -
,29236286,André da Silva Mendes - Portuguese,Lancaster - English Northern Premier League Premier Division,GK,21,£0 - £3K,0,0,0,0%,11.75,-,0%,0,7.27,0%,0.78,0,-,£150 p/w,- - -
Int,2000065396,Steven Mensah - Togolese,Heider SV - German Div. Schleswig-Holstein,GK,21,£60K - £600K,0,0,0,0%,12.19,-,0%,0,7.19,0%,1.28,0,-,"£1,200 p/w",- - -
,2000070509,Tjark Ernst - German,Hertha BSC - Bundesliga 2,GK,21,£2.2M - £4.6M,57,13,21,72%,15.98,-,86%,0.1,6.87,50%,1.04,5,2,"£4,100 p/w",- - -
,2000134275,Kaan Özsoy - German,Deutz - German Lower Division,GK,21,£2K - £18K,0,0,0,0%,12.5,-,0%,0,7.39,0%,1.21,0,-,£425 p/w,- - -
,43500294,Fabio Frattini - Italian,Borgo San Donnino - Italian Serie D Grp. D,GK,21,£0 - £55K,0,0,0,0%,12.09,-,0%,0,7.05,0%,1.28,0,-,£275 p/w,- - -
Ama,2000039756,Niclas Kratzmann - German,Merten - German Lower Division,GK,21,£0,0,0,0,0%,11.93,-,0%,0,7.44,0%,0.93,0,-,N/A,- - -
Ama,2000031035,Ruben Anthonissen - Belgian,KGS Bree-Beek - Limburg Provincial Division,GK,21,£0,0,0,0,0%,12.15,-,96%,-0.01,7.09,0%,1.29,0,-,N/A,- - -
Ama,37079076,Ischa Bouwman - Dutch,Noordwijk - Dutch Tweede Divisie,GK,21,£0,68,17,20,64%,12.12,-,85%,-0.09,6.48,22%,1.69,0,3,N/A,- - -
,43425797,Filippo Rinaldi - Italian,Olbia - Italian Serie C/B,GK,21,£200K - £600K,84,19,32,77%,10.85,-,88%,0.31,6.69,26%,1.13,10,3,£950 p/w,- - -
Ama,18116174,Jeremie Sumbu Nganga - Belgian,ROFC Stockel - Brabant Provincial Division (Wal),GK,21,£0,3,1,0,66%,12.51,-,72%,0.02,7.57,0%,1,0,0,N/A,- - -
Ctr,29228683,Jack Arthur - English,Millbrook - English Western League Premier Division,GK,21,£0,0,0,0,0%,12.27,-,0%,0,7.39,0%,1.01,1,-,N/A,- - -
Ama,2000109107,Nick Frits - Dutch,Dongen - Dutch Vierde Divisie C,GK,21,£0,0,0,0,0%,11.56,-,0%,0,7.53,0%,0.91,0,-,N/A,- - -
,2000057731,Valentín Mosqueira - Argentinian,Poli El Ejido - Spanish Federation Third Group 9,GK,21,£4.5K - £45K,0,0,0,0%,12.49,-,0%,0,7.66,0%,1.05,0,-,£275 p/w,- - -
,2000110749,Eric Puerto - Spanish,Antequera - Spanish Federation First Division B,GK,21,£350K - £1.1M,67,23,31,72%,15.95,-,89%,0.13,6.75,28%,1.22,6,3,"£4,700 p/w",- - -
Int,95078185,Nicholas Bilokapic - Australian,Peterborough - Sky Bet League One,GK,21,£2.6M - £5.2M,62,19,34,70%,13.3,0.02,87%,0.16,6.83,38%,1.06,5,2,"£4,200 p/w",- - -
Ama,2000180985,David Bouzas - German,Verlautenheide - German Lower Division,GK,21,£0,0,0,0,0%,11.72,-,0%,0,6.77,0%,1.44,0,-,N/A,- - -
,43461795,Serafino Iannì - Italian,Gioiese - Italian Serie D Grp. I,GK,21,£500 - £3K,0,0,0,0%,12.21,-,0%,0,7.56,0%,0.95,0,-,£325 p/w,- - -
Wnt,61089448,Ross Matthews - Scottish,Montrose - cinch League 1,GK,21,£0 - £12K,84,26,26,68%,11.16,-,89%,-0.21,6.55,30%,1.44,6,2,£100 p/w,- - -
Inj,18115857,Wim Vanmarsenille - Belgian,Esperanza Pelt - Belgian Third Amateur Division VV B,GK,21,£0,38,19,24,74%,10.82,-,90%,0.17,6.95,68%,0.76,0,2,N/A,- - -
Ama,37084799,Jason Fitz-Jim - Dutch,Achilles '29 - Dutch Tweede Klasse Zaterdag G,GK,21,£0,0,0,0,0%,11.88,-,0%,0,7.37,0%,0.98,0,-,N/A,- - -
,2000275933,Killian Grémont - French,FC Dieppe - French National 3 - Group F,GK,21,£18K - £55K,0,0,0,0%,11.98,-,0%,0,7.55,0%,1.09,0,-,£325 p/w,- - -
,29226425,Harvey Wiles-Richards - English,Guernsey - English Isthmian League South Central Division,GK,22,£0,0,0,0,0%,12.01,-,0%,0,7.19,0%,1.09,0,-,£700 p/w,- - -
Inj,91188349,Noah Atubolu - German,SC Freiburg - Bundesliga,GK,22,£11.5M - £13.5M,74,31,46,74%,17.97,-,89%,0.05,6.75,33%,1.28,5,3,"£20,500 p/w",- - -
Wnt,43425195,Manuel Gasparini - Italian,Potenza - Italian Serie C/C,GK,22,£70K - £700K,69,18,15,75%,12.24,-,86%,0.4,6.85,58%,0.89,4,2,"£1,600 p/w",- - -
Ama,37084820,Magdiel Agyei-Adomako - Dutch,ASWH - Dutch Vierde Divisie B,GK,22,£0,0,0,0,0%,12.26,-,0%,0,7.57,0%,1.05,0,-,N/A,- - -
,2000062888,Pablo Cuñat - Spanish,Amorebieta - Spanish Second Division,GK,22,£375K - £3.7M,58,25,35,69%,18.36,-,88%,0.01,6.47,22%,1.47,4,3,"£1,900 p/w",- - -
Int,67283140,Filip Jörgensen - Swedish,Villarreal - Spanish First Division,GK,22,£40M - £61M,77,33,37,73%,22.48,0.02,86%,0.1,6.75,51%,1.21,5,3,"£26,000 p/w",- - -
,29233537,Sam Tickle - English,Wigan - Sky Bet League One,GK,22,£7M - £8.4M,93,18,31,74%,15.84,-,89%,0.08,6.95,42%,1.01,7,2,"£9,500 p/w",- - -
,2000289687,Rayan Boubakri - French,GOAL FC - French National,GK,22,£0,0,0,0,0%,12.12,-,0%,0,7.31,0%,1.21,0,-,£85 p/w,- - -
Ama,48048203,Patrick Trindade - French,Stade Montois Football - French Regional 1 - Nouvelle Aquitaine - Group C,GK,22,£0,0,0,0,0%,11.72,-,0%,0,7.7,0%,0.98,0,-,N/A,- - -
Ama,18110759,Stef De Schepper - Belgian,KSK Beveren - East-Flanders Provincial Division,GK,22,£0,0,0,0,0%,12.85,-,0%,0,7.57,0%,0.97,0,-,N/A,- - -
Int,18107187,Maarten Vandevoordt - Belgian,KRC Genk - Jupiler Pro League,GK,22,£550K - £4.3M,96,28,24,75%,18.69,-,89%,0.21,6.82,43%,0.96,5,2,"£10,750 p/w",- - -
Sct,52094936,Gavin Bazunu - Irish,Southampton - Sky Bet Championship,GK,22,£28M - £40M,61,15,38,75%,18.42,0.07,86%,0.06,6.86,53%,0.91,3,2,"£24,000 p/w",- - -
,67273626,Iván Martínez - Spanish,Unionistas - Spanish Federation First Division A,GK,22,£110K - £1.1M,67,26,27,73%,14.12,-,88%,0.16,6.71,40%,1.17,0,3,"£4,700 p/w",- - -
,2000301223,Paul Van Dijk - French,AS Chatou - French National 3 - Group F,GK,22,£0,0,0,0,0%,11.67,-,0%,0,6.73,0%,1.47,0,-,£35 p/w,- - -
Ama,2000046018,Jelle Kortleven - Belgian,K. Boorsem Sport - Limburg Provincial Division,GK,22,£0,0,0,0,0%,12.17,-,0%,0,7.31,0%,1.1,0,-,N/A,- - -
,2000279502,Diego Bairamjan - Belgian,Union Hutoise - Belgian Third Amateur Division ACFF D,GK,22,£0,45,14,17,57%,12.62,-,90%,-0.45,6.28,14%,1.7,6,2,£200 p/w,- - -
,2000109395,Luis Hillemeier - German,Clarholz - German Div. Westphalia,GK,22,£0 - £2K,0,0,0,0%,11.95,-,0%,0,6.88,0%,1.19,0,-,£240 p/w,- - -
,29194205,Myles Roberts - English,St. Albans - Vanarama National League South,GK,22,£5K - £16K,9,2,6,65%,11.54,-,90%,-0.01,7.13,3%,1.49,1,0,£600 p/w,- - -
,12080773,Aboubakar Bamba - Ivorian,Louhans-Cuiseaux FC - French National 3 - Group J,GK,22,£6K - £18K,2,0,4,54%,12.23,-,73%,-0.01,7.2,2%,1.14,0,0,£500 p/w,- - -
,49048357,Lucas Chevalier - French,LOSC - Ligue 1 Uber Eats,GK,22,£27M - £33M,101,32,43,78%,23.01,0.06,88%,0.35,6.87,36%,0.99,4,3,"£10,000 p/w",- - -
,28121310,Roco Rees - English,Worthing - Vanarama National League South,GK,22,£16K - £160K,11,7,7,75%,11.56,-,88%,0.15,6.88,5%,1.38,0,0,£375 p/w,- - -
,2000101321,Luca Pedretti - German,Worms - German Div. Rhineland-Palatinate/Saar,GK,22,£0,53,19,26,59%,11.48,-,89%,-0.32,6.28,26%,1.66,5,2,£120 p/w,- - -
,43374430,Diego Abbrandini - Italian,CazzagoBornato - Italian Eccellenza Lombardia Grp.C,GK,22,£0 - £30K,0,0,0,0%,12.14,-,0%,0,7.62,0%,1.09,0,-,£200 p/w,- - -
,43392090,Semuel Pizzignacco - Italian,FeralpiSalò - Italian Serie B,GK,22,£375K - £3.8M,69,21,44,73%,12.9,-,88%,0.21,6.73,31%,1.26,6,3,"£4,600 p/w",- - -
,52085913,Liam Hughes - Northern Irish,Chester - Vanarama National League North,GK,22,£50K - £150K,8,5,3,66%,12.53,-,89%,-0.02,7.29,7%,1.03,0,0,£450 p/w,- - -
,71101334,Anatolii Trubin - Ukrainian,Benfica - Portuguese Premier League,GK,22,£39M - £59M,49,24,27,76%,23.57,0.03,87%,0.21,7,71%,0.89,4,2,"£25,500 p/w",- - -
,78095397,Guillermo Centurión - Uruguayan,Huelva - Spanish Federation First Division B,GK,22,£240K - £750K,51,16,20,69%,15.38,-,88%,-0.03,6.64,37%,1.15,0,2,"£1,700 p/w",- - -
Wnt,43372028,Matteo Cardinali - Italian,Latina - Italian Serie C/C,GK,22,£120K - £1.2M,54,27,28,75%,16.05,-,88%,0.36,6.68,25%,1.01,2,3,"£1,800 p/w",- - -
Ama,49061839,André Costa Da Silva - Angolan,Stade Sottevillais CC - French Regional 1 - Normandie - Group B,GK,22,£0,0,0,0,0%,12.13,-,0%,0,7.35,0%,1.17,0,-,N/A,- - -
,61094600,Ben Swinton - Scottish,Dundonald B. - East of Scotland Premier Division,GK,22,£0 - £3K,85,29,32,64%,10.03,-,88%,-0.29,6.18,9%,2.09,2,3,£110 p/w,- - -
,49050072,Abdoul Coulibaly - French,AS Saint-Priest - French National 3 - Group K,GK,23,£0 - £100K,0,0,0,0%,12.09,-,0%,0,7.2,0%,1.07,0,-,£525 p/w,- - -
,28113412,Harrison Foulkes - English,Eastbourne Borough - Vanarama National League South,GK,23,£0 - £90K,40,12,20,69%,15.73,0.21,87%,0.18,6.72,43%,0.85,3,1,£400 p/w,- - -
,43390370,Mattia Fallani - Italian,Renate - Italian Serie C/A,GK,23,£28K - £300K,61,19,24,70%,12.87,-,89%,-0.02,6.7,37%,1.21,3,2,"£1,200 p/w",- - -
,52090926,David Odumosu - Nigerian,Cliftonville - Sports Direct Premiership,GK,23,£40K - £425K,31,6,16,58%,13.54,-,88%,-0.05,6.72,30%,1.01,5,1,£475 p/w,- - -
,2000056741,Lluís Tarrés - Spanish,R. Jaén - Spanish Federation Third Group 9,GK,23,£10K - £30K,0,0,0,0%,11.9,-,0%,0,7.17,0%,1.55,0,-,£300 p/w,- - -
,61093269,Lee Herbert - Scottish,Forres Mech - Highland Football League,GK,23,£3K - £9K,65,32,43,64%,10.9,-,88%,-0.24,6.28,12%,1.84,6,3,£100 p/w,- - -
,52095835,Ben Fry - Northern Irish,Pollok - West of Scotland Premier Division,GK,23,£0 - £2.5K,70,29,35,66%,12.13,-,87%,-0.18,6.44,21%,1.64,3,3,£180 p/w,- - -
Wnt,91177089,Luca Unbehaun - German,SC Verl - 3. Liga,GK,23,£700K - £1.5M,56,16,31,71%,15.72,-,89%,0.22,6.63,25%,1.23,2,2,"£11,250 p/w",- - -
,43392121,Luca Lewis - American,Pontedera - Italian Serie C/B,GK,23,£200K - £600K,63,15,26,66%,15.05,-,89%,-0.18,6.53,18%,1.44,7,2,"£1,900 p/w",- - -
Wnt,91177387,Lino Kasten - German,Altglienicke - German Regional Division Northeast,GK,23,£4K - £40K,55,17,23,71%,11.75,-,89%,-0.08,6.87,51%,0.95,2,2,"£4,300 p/w",- - -
Ama,91203914,Paul Löhr - German,Kirchfeld - German Lower Division,GK,23,£0,0,0,0,0%,12.05,-,0%,0,7.47,0%,1,0,-,N/A,- - -
Ama,18110849,Edson Lopes - Belgian,KVK Svelta Melsele - East-Flanders Provincial Division,GK,23,£0,5,1,1,77%,12.44,-,82%,0.05,7.29,2%,0.98,0,0,N/A,- - -
,18115881,Jordy Schelfhout - Belgian,Eendracht Aalst - Belgian Second Amateur Division VV A,GK,23,£100K - £300K,51,24,25,71%,9.39,-,89%,0.05,6.87,46%,1.05,4,2,£575 p/w,- - -
,18115915,Logan Charlo - Belgian,Pays Vert Ostiches-Ath - Belgian Third Amateur Division ACFF C,GK,23,£0,0,0,0,0%,12.82,-,0%,0,7.46,0%,1.17,0,-,£200 p/w,- - -
,61084379,Ross Connelly - Scottish,Albion Rovers - Scottish Lowland League,GK,23,£500 - £5K,9,3,6,66%,12.05,-,92%,-0.04,6.96,0%,1.59,2,0,£200 p/w,- - -
,29191815,Josh Rae - Scottish,Airdrieonians - cinch Championship,GK,23,£14K - £140K,77,24,30,74%,16.35,-,89%,0.06,6.78,31%,1.09,8,3,£550 p/w,- - -
,59138294,Giorgi Mamardashvili - Georgian,Valencia - Spanish First Division,GK,23,£31M - £46M,80,21,24,74%,27.51,-,88%,0.24,6.69,26%,1.29,8,3,"£28,000 p/w",- - -
,91206093,Jonas Kersken - German,Arminia Bielefeld - 3. Liga,GK,23,£250K - £800K,48,21,29,73%,17.42,-,89%,0.14,6.79,32%,1.07,4,2,"£4,900 p/w",- - -
Int,48043476,Yahia Fofana - Ivorian,Angers SCO - Ligue 2 BKT,GK,23,£550K - £5.6M,56,16,31,72%,15.49,-,89%,0.19,6.73,37%,1.17,4,3,"£8,750 p/w",- - -
,14201365,Matías Ramos Mingo - Argentinian,Xerez DFC - Spanish Federation Third Group 10,GK,23,£55K - £170K,0,0,0,0%,12.63,-,0%,0,7.61,0%,1.07,0,-,£900 p/w,- - -
,67248425,Carlos Azón - Spanish,Tarazona - Spanish Federation First Division A,GK,23,£210K - £650K,92,24,37,78%,10.77,-,88%,0.36,6.68,31%,1.13,3,4,"£5,250 p/w",- - -
Wnt,67280844,Salvi - Spanish,Leonesa - Spanish Federation First Division A,GK,23,£100K - £1M,57,17,20,73%,16.63,-,88%,0.17,6.97,49%,0.93,2,2,"£7,750 p/w",- - -
Ama,18111328,Wout Wijns - Belgian,VCE Mazenzele-Opwijk - Brabant Provincial Division (Fla),GK,24,£0,0,0,0,0%,12.05,-,0%,0,7.42,0%,1.02,0,-,N/A,- - -
,2000011086,Gorka Campo - Spanish,Zamudio - Spanish División Honor Vizcaya,GK,24,£0 - £40K,0,0,0,0%,12.01,-,0%,0,7.22,0%,1.09,0,-,£375 p/w,- - -
Int,2000013557,Kevin Ibrahim - Beninese,TSV Steinbach - German Regional Division Southwest,GK,24,£130K - £400K,68,10,29,73%,13.71,-,89%,0.17,6.9,47%,0.99,2,2,"£2,900 p/w",- - -
Ama,37071094,Jomar Gomes - Dutch,Barendrecht - Dutch Derde Divisie B,GK,24,£0,4,3,1,72%,12.07,-,79%,0.02,7.36,2%,1.14,0,0,N/A,- - -
,67294764,Christian Gómez - Spanish,Illescas - Spanish Federation Second Group 5,GK,24,£0 - £16K,9,5,6,71%,11.34,-,89%,-0.02,7.19,0%,1.28,0,0,£275 p/w,- - -
Ama,2000082695,Martín Panetta - Argentinian,Atletico Bono - Italian Prima Categoria Sardegna Grp. C,GK,24,£0,0,0,0,0%,11.6,-,0%,0,7.55,0%,1.12,0,-,N/A,- - -
,28110962,Anthony Patterson - English,Sunderland - Sky Bet Championship,GK,24,£3.7M - £5.4M,74,28,49,72%,18.06,0.06,88%,0.03,6.76,35%,1.26,2,3,"£13,000 p/w",- - -
,14217175,Juré Marinovich - Argentinian,Ordino - Andorran First Division,GK,24,£0,0,0,0,0%,12.21,-,0%,0,7.37,0%,0.97,1,-,£25 p/w,- - -
,91194501,Antonio Brandt - German,Havelse - German Regional Division North,GK,24,£12K - £35K,62,22,32,74%,8.87,-,88%,0.19,6.65,19%,0.99,2,2,£375 p/w,- - -
Ama,37076856,TJ Odunze - Dutch,Nuenen - Dutch Vierde Divisie C,GK,24,£0,0,0,0,0%,11.95,-,0%,0,7.35,0%,0.99,0,-,N/A,- - -
Int,49040115,Illan Meslier - French,Leeds - Sky Bet Championship,GK,24,£34M - £43M,57,27,27,75%,20.36,0.07,86%,0.17,6.97,64%,0.8,1,2,"£45,500 p/w",- - -
,19390625,Vinicius Machado - Brazilian,Nacional da Madeira - Portuguese Second League,GK,24,£210K - £600K,0,0,0,0%,11.97,-,0%,0,7.56,0%,0.97,0,-,"£1,400 p/w",- - -
,49054622,Geoffrey Agbolossou - Togolese,FC Balagne - French National 3 - Group H,GK,24,£0 - £4.5K,0,0,0,0%,12,-,0%,0,7.31,0%,1.29,0,-,£140 p/w,- - -
Int,2000316571,Anse Ngoubi - Gabonese,US Raon-l'Etape - French National 3 - Group I,GK,24,£4K - £40K,0,0,1,33%,11.6,-,77%,0.01,7,0%,1.07,0,0,£650 p/w,- - -
,49047131,Guillaume Biévez - Belgian,Pays Vert Ostiches-Ath - Belgian Third Amateur Division ACFF C,GK,24,£0,0,0,0,0%,11.76,-,0%,0,7.3,0%,1.07,0,-,£475 p/w,- - -
,18112597,Gillian Verbrugge - Belgian,Oudenaarde - Belgian Second Amateur Division VV A,GK,24,£0,73,18,34,66%,8.82,-,87%,0.05,6.25,15%,1.72,3,3,£200 p/w,- - -
,18103151,Tiziano Delmotte - Belgian,Westhoek - Belgian Third Amateur Division VV A,GK,24,£500 - £4K,0,0,0,0%,12.2,-,0%,0,7.6,0%,1.1,0,-,£325 p/w,- - -
,48044602,Florent Rizzolo - French,Stade Bordelais - French National 3 - Group B,GK,24,£0 - £3K,0,0,0,0%,12.68,-,0%,0.01,7.18,2%,1.53,0,-,£170 p/w,- - -
,16175067,Nicolas Kristof - Austrian,Elversberg - Bundesliga 2,GK,24,£110K - £1.1M,63,20,30,74%,16.93,-,89%,0.15,6.85,29%,1.15,4,3,"£4,600 p/w",- - -
,18105765,Brent Thuys - Belgian,KAC Betekom - Belgian Third Amateur Division VV B,GK,24,£2K - £6K,0,0,0,0%,11.85,-,0%,0,7.52,0%,0.98,0,-,£300 p/w,- - -
,67225480,Darío - Spanish,Atlético Pamplona B - Spanish Federation First Division A,GK,24,£85K - £850K,64,26,21,76%,14,-,89%,0.29,6.79,29%,0.97,1,3,£575 p/w,- - -
,18096678,Andreas Suederick - Belgian,RSD Jette - Belgian Second Amateur Division ACFF C,GK,24,£0,70,18,34,71%,11.02,-,89%,0.03,6.78,41%,1.23,4,3,£210 p/w,- - -
,24054986,Lovro Majkić - Croatian,Istra 1961 - Croatian First League,GK,24,£120K - £1.2M,20,14,8,71%,12.48,-,90%,0.02,6.82,11%,1.28,1,1,"£2,400 p/w",- - -
Ama,18097000,Dylan De Vocht - Belgian,Arendonk Sport - Antwerp Provincial Division,GK,24,£0,0,0,0,0%,12.01,-,0%,0,7.7,0%,0.87,0,-,N/A,- - -
Int,83169226,Diogo Costa - Portuguese,FC Porto - Portuguese Premier League,GK,24,£30M - £46M,47,15,32,74%,25.37,-,87%,0.14,7.12,68%,0.91,3,2,"£30,500 p/w",- - -
,98042555,Justin Ospelt - Liechtensteiner,FSV Frankfurt - German Regional Division Southwest,GK,24,£5K - £55K,97,31,39,74%,12.24,-,87%,0.01,6.6,23%,1.43,10,3,"£1,100 p/w",- - -
,19361332,Arthur - Brazilian,Oliveirense - Portuguese Second League,GK,24,£60K - £600K,0,0,0,0%,12.15,-,0%,0,6.89,0%,1.15,0,-,£925 p/w,- - -
Inj,37074119,Menno Bergsen - Dutch,Maribor - Slovenian First League,GK,24,£28K - £275K,5,7,3,93%,13.26,-,83%,0.16,7.41,10%,0.95,0,0,"£1,100 p/w",- - -
,67277872,Fran Martínez - Spanish,Ursaria - Spanish Federation Second Group 5,GK,24,£0 - £16K,56,23,26,70%,11.71,-,89%,-0.02,6.63,11%,1.4,2,3,£300 p/w,- - -
,28118017,Aidan Stone - English,Notts Co - Sky Bet League Two,GK,24,£130K - £375K,58,14,26,73%,14.12,-,88%,0.06,6.79,38%,0.94,4,2,"£1,800 p/w",- - -
,2000032168,Enrico Piu - German,Reutlingen - German Div. Baden-Württemberg,GK,24,£0,58,29,30,69%,12.13,-,86%,0.04,6.44,28%,1.4,3,3,£170 p/w,- - -
,2000303405,Dominik Dewein - German,Memmingen - German Regional Division Bavaria,GK,24,£22K - £70K,55,25,40,62%,12.15,-,89%,-0.24,6.32,12%,1.73,7,2,£975 p/w,- - -
Ama,2000253032,Jordi Raul Alnonte Acevedo - Dominican Republic,TOGB - Dutch Derde Divisie B,GK,24,£0,8,1,3,85%,11.32,-,92%,0.05,6.62,2%,1.52,0,0,N/A,- - -
Int,93087487,Leopold Wahlstedt - Swedish,Blackburn - Sky Bet Championship,GK,24,£5M - £6.4M,69,26,40,75%,20.61,-,84%,0.36,6.87,48%,1.05,5,3,"£10,000 p/w",- - -
,43270516,Aniello Viscovo - Italian,Fano - Italian Serie D Grp. F,GK,24,£0 - £14K,0,0,0,0%,12,-,0%,0,7.02,0%,1.21,0,-,£700 p/w,- - -
,92092188,Lucas Hiemann - German,FSV Zwickau - German Regional Division Northeast,GK,25,£0,0,0,0,0%,11.84,-,0%,0,7.1,0%,1.42,0,-,£575 p/w,- - -
Ama,37058001,Mike van de Meulenhof - Dutch,Kozakken Boys - Dutch Tweede Divisie,GK,25,£0,62,15,29,68%,11.64,-,89%,0.05,6.6,47%,1.16,6,2,N/A,- - -
,2000189392,Lucas Alexandre - French,RES Acrenoise Lessines - Belgian Second Amateur Division ACFF C,GK,25,£0,90,17,31,66%,10.21,-,88%,-0.15,6.29,31%,1.71,7,3,£85 p/w,- - -
Wnt,2000088105,Mohamed Kamara - Sierra Leonean,Horoya AC - Guinean Premier Division,GK,25,£0,0,0,0,0%,12.18,-,0%,0,7.54,0%,1.05,0,-,£100 p/w,- - -
,91184490,Stefan Drljaca - German,Dynamo Dresden - 3. Liga,GK,25,£150K - £1.5M,58,26,27,77%,11.93,-,88%,0.2,6.97,54%,0.88,1,2,"£11,000 p/w",- - -
,48044542,Amine Ichalalen - Moroccan,Stade Beaucairois FC - French National 3 - Group A,GK,25,£0 - £8K,9,2,1,85%,11.31,-,83%,0.08,7.4,9%,1.09,1,0,£250 p/w,- - -
Wnt,37058302,Bilal Bayazıt - Dutch,Kayserispor - Turkish Super League,GK,25,£45K - £450K,30,9,13,70%,14.01,-,90%,-0.04,6.86,8%,1.39,6,1,"£2,100 p/w",- - -
Wnt,91166120,Ron-Thorben Hoffmann - German,Braunschweig - Bundesliga 2,GK,25,£100K - £1M,59,22,30,73%,18.37,-,90%,0.04,6.68,25%,1.3,9,3,"£5,250 p/w",- - -
,19352200,Brenno - Brazilian,Bari - Italian Serie B,GK,25,£400K - £6.4M,77,28,32,77%,13.46,-,88%,0.22,6.85,29%,1.06,5,3,"£7,000 p/w",- - -
,91187820,Michel Witte - German,Aalen - German Regional Division Southwest,GK,25,£10K - £100K,102,20,40,73%,9.51,-,86%,0.26,6.56,21%,1.42,4,3,£625 p/w,- - -
,62176200,Lazar Carević - Montenegrin,Vojvodina - Serbian SuperLeague,GK,25,£110K - £1.1M,0,0,0,0%,12.19,-,0%,0,7.26,0%,1.24,0,-,£850 p/w,- - -
,48036556,Didier Desprez - French,Dudelange - Luxembourg National Division,GK,25,£0 - £70K,83,28,41,70%,12.94,-,90%,-0.14,6.54,18%,1.7,4,3,£425 p/w,- - -
,18097393,Pieter Caubergh - Belgian,KSK Tongeren - Belgian Second Amateur Division VV B,GK,25,£1K - £3.5K,37,14,29,70%,11.88,-,90%,0.1,6.88,68%,0.8,1,1,£200 p/w,- - -
Wnt,91190141,Benjamin Leneis - German,FSV Zwickau - German Regional Division Northeast,GK,25,£9K - £26K,0,0,0,0%,11.77,-,0%,0,7.45,0%,0.98,0,-,"£1,600 p/w",- - -
,49040163,Ahmed Abdelkader - French,US Biskra - Algerian League 1,GK,25,£3.5K - £35K,0,0,0,0%,12.15,-,0%,0,6.87,0%,1.51,0,-,"£1,300 p/w",- - -
,43266785,Gabriel Meli - Italian,Recanatese - Italian Serie C/B,GK,25,£0,71,19,38,69%,12.37,-,90%,-0.31,6.51,21%,1.51,6,3,£775 p/w,- - -
,16184661,Mario Schragl - Austrian,FCA Walldorf - German Regional Division Southwest,GK,25,£40K - £120K,79,23,38,65%,10.73,-,88%,-0.52,6.37,25%,1.82,2,3,£850 p/w,- - -
,19270232,Hugo Souza - Brazilian,Chaves - Portuguese Premier League,GK,25,£275K - £2.6M,32,8,16,66%,12.26,-,87%,-0.08,6.47,6%,1.44,3,1,"£4,300 p/w",- - -
,49037486,Valentin Dahak - French,Onet le Château - French National 3 - Group B,GK,25,£0 - £6K,0,0,0,0%,12.58,-,0%,0,7.31,0%,1.23,0,-,£150 p/w,- - -
,67248163,Álex Dos Santos - Brazilian,Móstoles URJC - Spanish Federation Third Group 7,GK,25,£500 - £7K,0,0,0,0%,11.86,-,0%,0,7.3,0%,1.31,0,-,"£1,100 p/w",- - -
,91151084,Jan-Christoph Bartels - German,SV Waldhof - 3. Liga,GK,25,£45K - £450K,75,20,34,78%,12.23,-,88%,0.41,6.85,38%,1.16,8,3,"£9,000 p/w",- - -
,67257952,Adri López - Spanish,Granada B - Spanish Federation First Division B,GK,25,£130K - £1.3M,76,24,32,70%,14.66,-,88%,0.01,6.52,16%,1.53,7,3,"£3,600 p/w",- - -
,2000005873,Galisteo - Spanish,Vianés - Spanish Federation Third Group 16,GK,25,£0,0,0,0,0%,11.79,-,0%,0,7.31,0%,1.28,0,-,£35 p/w,- - -
Ama,18095774,Robin Bradt - Belgian,VC Zwijnaarde - East-Flanders Provincial Division,GK,25,£0,0,0,0,0%,11.66,-,0%,0,7.32,0%,1.2,0,-,N/A,- - -
Ama,18097604,Fabio Vandenbossche - Belgian,Merchtem United - Brabant Provincial Division (Fla),GK,25,£0,0,0,0,0%,11.56,-,0%,0,7.16,0%,1.02,0,-,N/A,- - -
,67247577,Sergi Puig - Spanish,Sestao - Spanish Federation First Division A,GK,25,£325K - £1M,67,23,24,73%,12.7,-,90%,0.03,6.82,43%,1.1,4,2,"£4,600 p/w",- - -
,18108541,Vincent Rousseau - Belgian,RUS Rebecq - Belgian Second Amateur Division ACFF C,GK,25,£12K - £35K,59,23,28,69%,11.15,-,88%,0.2,6.75,24%,1.21,7,2,£425 p/w,- - -
Ctr,29156427,Harry Wright - English,Witton - English Northern Premier League Division One West,GK,25,£0,0,0,0,0%,11.79,-,0%,0,7.22,0%,1.36,0,-,N/A,- - -
Wnt,18089396,Gaetan Coucke - Belgian,KV Mechelen - Jupiler Pro League,GK,25,£250K,63,21,23,76%,11.98,-,88%,0.42,6.74,38%,0.91,1,2,"£4,300 p/w",- - -
,43212468,Andrea Spurio - Italian,Montevarchi - Italian Serie D Grp. E,GK,25,£12K - £130K,0,0,0,0%,12.28,-,0%,0,7.48,0%,1.02,0,-,£525 p/w,- - -
Req,93060236,Viktor Johansson - Swedish,Rotherham - Sky Bet Championship,GK,25,£5.6M,78,35,43,72%,14.84,-,87%,0.18,6.59,17%,1.33,5,3,"£6,500 p/w",- - -
,2000219227,Juanpe - Spanish,U.E. Santa Coloma - Andorran First Division,GK,25,£0,0,0,0,0%,11.67,-,0%,0,7.29,0%,1.24,0,-,£20 p/w,- - -
,29141011,Will Jääskeläinen - Finnish,Woking - Vanarama National League,GK,25,£10K - £100K,61,24,23,71%,10.96,-,88%,0.05,6.77,41%,1.04,4,2,£850 p/w,- - -
,67282791,Dani Freile - Spanish,La Virgen del Camino - Spanish Federation Third Group 8,GK,25,£500 - £3.5K,0,0,0,0%,11.86,-,0%,0,7.4,0%,1.07,0,-,£300 p/w,- - -
,67248341,Dani Martín - Spanish,F.C. Andorra - Spanish Second Division,GK,25,£1M - £2.2M,80,22,37,79%,15.38,-,90%,0.23,6.7,35%,0.99,2,3,"£7,750 p/w",- - -
Wnt,18096963,Yannick Verbist - Belgian,KFC De Kempen TL - Antwerp Provincial Division,GK,25,£0,0,0,0,0%,12.36,-,0%,0,7.3,0%,1.28,0,-,N/A,- - -
Ama,18087986,Gilles Belin - Belgian,VC Bertem-Leefdaal - Brabant Provincial Division (Fla),GK,25,£0,0,0,0,0%,12.09,-,0%,0,6.99,0%,1.34,0,-,N/A,- - -
,43252692,Alessandro Confente - Italian,Vicenza - Italian Serie C/A,GK,25,£55K - £550K,53,21,32,74%,12.19,-,90%,0.08,6.99,46%,0.89,3,2,"£1,600 p/w",- - -
Ama,37062254,Kevin Truyts - Dutch,FC Berlaar-Heikant - Antwerp Provincial Division,GK,25,£0,69,16,36,69%,13.1,-,88%,0.01,6.63,32%,1.47,4,3,N/A,- - -
,67232681,Albert Batalla - Spanish,Olot - Spanish Federation Third Group 5,GK,26,£3K - £9K,45,10,21,72%,11.27,-,86%,0.22,6.79,22%,1.2,3,2,£400 p/w,- - -
,18097196,Jordi Nolle - Belgian,KFC Sint-Lenaarts - Belgian Third Amateur Division VV B,GK,26,£0,0,0,0,0%,12.1,-,0%,0,7.48,0%,1.34,0,-,£210 p/w,- - -
Ama,18094205,Gianni De Ruysscher - Belgian,BHS United - Brabant Provincial Division (Fla),GK,26,£0,0,0,0,0%,11.75,-,0%,0,7.3,0%,1.32,0,-,N/A,- - -
,29142814,Will Mannion - English,Cambridge - Sky Bet League One,GK,26,£55K - £550K,75,38,34,73%,13.04,-,88%,0.2,6.64,26%,1.15,6,3,"£1,400 p/w",- - -
Opt,67246951,Álvaro Fernández - Spanish,Huesca - Spanish Second Division,GK,26,£40K - £425K,74,23,29,75%,20.62,-,89%,0.3,6.74,35%,1.16,7,3,"£13,000 p/w",- - -
,61085423,Daniel Hoban - Scottish,Banks o' Dee - Highland Football League,GK,26,£500 - £6K,75,33,32,68%,10.04,-,89%,-0.22,6.25,26%,1.81,6,3,£200 p/w,- - -
,92071859,Philipp Köhn - Swiss,AS Monaco - Ligue 1 Uber Eats,GK,26,£5.8M - £7.2M,39,13,20,67%,24.64,-,87%,0.07,6.76,33%,0.99,3,2,"£14,750 p/w",- - -
Ama,18097540,Olivier Djerdi - Belgian,FC Dadizele - West-Flanders Provincial Division,GK,26,£0,0,0,0,0%,11.95,-,0%,0,7.54,0%,0.95,0,-,N/A,- - -
,92071481,Finn Dahmen - German,Augsburg - Bundesliga,GK,26,£3.5M - £6.8M,62,21,37,73%,20.05,-,90%,-0.15,6.72,33%,1.27,5,3,"£19,750 p/w",- - -
,23384682,Hossein Pourhamidi - Iranian,Tractor - Persian Gulf Premier League,GK,26,£130K - £1.3M,49,22,25,77%,14.61,-,89%,0.26,6.83,65%,0.75,5,2,"£8,250 p/w",- - -
,23437235,Hasan Pourhamidi - Iranian,Esteghlal Khuzestan - Persian Gulf Premier League,GK,26,£16K - £160K,0,0,0,0%,12.16,-,0%,0,6.74,0%,1.51,0,-,"£3,300 p/w",- - -
,67219027,Juanma Conesa - Spanish,Algar - Spanish Federation Third Group 13,GK,26,£500 - £3.5K,0,0,0,0%,12.21,-,0%,0,7.51,0%,1.02,0,-,£240 p/w,- - -
,67232107,Lucho García - Colombian,Algeciras - Spanish Federation First Division B,GK,26,£28K - £275K,58,20,20,79%,16.24,-,89%,0.41,6.96,46%,0.73,1,2,"£8,000 p/w",- - -
Wnt,18089257,Arnaud Bodart - Belgian,Standard - Jupiler Pro League,GK,26,£750K - £1.5M,53,21,15,74%,16.08,-,86%,0.27,6.8,43%,0.96,3,2,"£10,250 p/w",- - -
Ama,18093795,Yannick Van Zele - Belgian,RAS Saintoise - Brabant Provincial Division (Wal),GK,26,£0,0,0,0,0%,12.07,-,0%,0,7.32,0%,0.88,0,-,N/A,- - -
Int,11026078,Gentian Selmani - Albanian,KF Tirana - Albanian Superleague,GK,26,£0 - £35K,16,5,2,85%,12.25,-,90%,0.05,7.55,4%,1.24,1,0,£210 p/w,- - -
,43204353,Luca Crosta - Italian,KF Tirana - Albanian Superleague,GK,26,£50K - £150K,0,0,0,0%,12.16,-,0%,0,7.03,0%,1.33,0,-,"£3,500 p/w",- - -
Int,43393266,Sheikh Sibi - Gambian,Virtus Verona - Italian Serie C/A,GK,26,£28K - £275K,55,26,26,79%,10.67,-,90%,0.31,6.95,39%,0.82,3,3,"£1,200 p/w",- - -
,27113390,Peter Vindahl - Danish,Sparta Prague - Czech First Division,GK,26,£250K - £2.6M,23,9,16,69%,14.11,-,87%,0.16,7.03,19%,0.84,2,1,"£3,700 p/w",- - -
Int,62177261,Žiga Frelih - Slovenian,Olimpija - Slovenian First League,GK,26,£400K - £1.2M,31,10,12,71%,12.7,-,86%,0.01,7.15,13%,1.35,2,1,"£1,500 p/w",- - -
Ama,18095106,Yoran Verdeyen - Belgian,KV Bonheiden - Antwerp Provincial Division,GK,26,£0,0,0,0,0%,12.05,-,0%,0,7.22,0%,1.17,0,-,N/A,- - -
,48036226,Killian Le Roy - French,Racing FC Luxembourg - Luxembourg National Division,GK,26,£0 - £4.5K,0,0,0,0%,11.92,-,0%,0,7.03,0%,1.18,0,-,£60 p/w,- - -
,14248179,Tomás Catelli - Argentinian,Milazzo - Italian Eccellenza Sicilia Grp.B,GK,26,£1K - £10K,0,0,0,0%,12.21,-,0%,0,7.58,0%,0.95,0,-,£210 p/w,- - -
,28100724,Daniel Grimshaw - English,Blackpool - Sky Bet League One,GK,26,£7.8M - £11.5M,65,23,40,77%,16.73,0.04,87%,0.25,7.01,47%,0.8,4,2,"£5,000 p/w",- - -
,2000163330,Ron Meyer - German,Wegberg-Beeck - German Regional Division West,GK,26,£0 - £60K,56,14,19,64%,12.62,-,87%,-0.13,6.81,40%,1.28,4,2,£350 p/w,- - -
,24046412,Adrian Šemper - Croatian,Como - Italian Serie B,GK,26,£300K - £3.1M,60,46,25,72%,18.06,-,88%,-0.1,6.7,36%,1.35,4,3,"£9,250 p/w",- - -
,91153055,Jannick Theißen - German,Düren - German Regional Division West,GK,26,£4.5K - £45K,43,23,19,80%,9.86,-,89%,0.31,7.16,84%,0.54,3,2,£675 p/w,- - -
,28101724,Shamal George - English,Livingston - cinch Premiership,GK,26,£150K - £1.5M,54,12,36,76%,12.08,-,90%,0.25,6.85,49%,0.81,4,2,"£1,300 p/w",- - -
Int,65042913,Jean-Noël Amonome - Gabonese,AS Arta - Djiboutian Premier Division,GK,26,£0,0,0,0,0%,12.61,-,0%,0,7.36,0%,1.09,0,-,£275 p/w,- - -
Wnt,29137376,Harry Lewis - English,Bradford City - Sky Bet League Two,GK,26,£130K - £1.3M,95,25,22,72%,17.67,-,88%,0.04,6.79,37%,1.12,6,2,"£3,200 p/w",- - -
Int,98040383,Gregor Kobel - Swiss,Borussia Dortmund - Bundesliga,GK,26,£89M - £109M,67,20,22,71%,27.1,-,87%,-0.15,6.86,33%,1.12,2,2,"£150,000 p/w",- - -
Int,29139716,Luke Southwood - Northern Irish,Cheltenham - Sky Bet League One,GK,26,£22K - £210K,101,27,41,75%,15.37,-,86%,0.34,6.64,15%,1.25,6,3,"£2,500 p/w",- - -
Ama,18089496,Gio Fasco - Belgian,K Kalmthout SK - Antwerp Provincial Division,GK,26,£0,0,0,0,0%,11.83,-,0%,0,7.39,0%,1.12,0,-,N/A,- - -
,67228804,Diego Fuoli - Spanish,San Fernando - Spanish Federation First Division B,GK,26,£85K - £850K,64,14,29,70%,15.62,-,88%,0.1,6.59,33%,1.13,1,2,"£8,000 p/w",- - -
Ama,18094629,Brent Callewaert - Belgian,KVC Ardooie - West-Flanders Provincial Division,GK,26,£0,0,0,0,0%,11.98,-,0%,0,7.59,0%,1,0,-,N/A,- - -
Ama,18089770,Nicola Hanselaer - Belgian,Heikant Zele - East-Flanders Provincial Division,GK,26,£0,4,0,5,75%,12.61,-,80%,0.08,7.46,0%,1,1,0,N/A,- - -
Wnt,18083975,Dieter Creemers - Belgian,K Lutlommel VV - Limburg Provincial Division,GK,26,£0,0,0,0,0%,12.06,-,0%,0,7.26,0%,1.26,0,-,N/A,- - -
,43161669,Michele Di Gregorio - Italian,Brianza - Italian Serie A,GK,26,£5.6M - £6.8M,83,28,30,71%,26.5,-,90%,-0.29,6.54,23%,1.5,14,3,"£21,500 p/w",- - -
Wnt,89051923,Álvaro Valles - Spanish,Las Palmas - Spanish First Division,GK,26,£180K - £1.8M,83,27,29,76%,27.78,-,89%,0.15,6.64,24%,1.26,4,3,"£4,300 p/w",- - -
Ama,37052472,Joost Meendering - Dutch,FC Lisse - Dutch Tweede Divisie,GK,26,£0,58,12,25,68%,14.3,-,85%,0.15,6.62,46%,1.26,3,2,N/A,- - -
Int,67200923,Unai Simón - Spanish,A. Bilbao - Spanish First Division,GK,26,£51M - £64M,57,23,28,76%,23.29,-,87%,0.33,6.78,38%,0.97,2,3,"£54,000 p/w",- - -
,85141367,Maxence Prévot - French,OH Leuven - Jupiler Pro League,GK,27,£130K - £1.3M,63,27,21,75%,17.3,-,87%,0.21,6.78,29%,1.16,8,3,"£3,800 p/w",- - -
Wnt,18089879,Yanno Vanwelkenhuysen - Belgian,VV Zepperen-Brustem - Belgian Third Amateur Division VV B,GK,27,£0,0,0,0,0%,11.98,-,0%,0,7.35,0%,1.12,0,-,N/A,- - -
,37050135,Yanick van Osch - Dutch,SC Cambuur - Keuken Kampioen Divisie,GK,27,£160K - £1.6M,49,14,29,77%,18.28,-,85%,0.4,6.88,53%,0.74,4,2,"£1,500 p/w",- - -
Int,43140326,Alex Meret - Italian,Parthenope - Italian Serie A,GK,27,£73M - £111M,70,25,50,77%,18.19,0.02,88%,0.18,6.94,52%,0.88,5,2,"£80,000 p/w",- - -
,85133805,Clément Pétrel - French,US Pays de Cassel - French National 3 - Group G,GK,27,£5K - £16K,6,1,0,70%,12.66,-,90%,0.03,7.22,5%,1.4,0,0,£300 p/w,- - -
Wnt,29125427,Harry Isted - English,Charlton - Sky Bet League One,GK,27,£30K - £300K,49,23,27,71%,14.08,-,89%,0.05,6.83,46%,1.11,4,2,"£3,500 p/w",- - -
,85133818,Gautier Larsonneur - French,ASSE - Ligue 2 BKT,GK,27,£475K - £4.7M,60,19,36,70%,14.75,0.02,89%,0.03,6.74,46%,1.19,7,2,"£9,250 p/w",- - -
,18095298,Maxim Figys - Belgian,KFC Voorde-Appelterre - Belgian Second Amateur Division VV A,GK,27,£0,50,21,31,68%,11,-,88%,-0.13,6.67,31%,1.3,5,2,£210 p/w,- - -
,92074291,Avdo Spahić - Bosnian,Sloboda Tuzla - Federation of BiH First League,GK,27,£14K - £140K,0,0,0,0%,11.62,-,0%,0,7.48,0%,1.21,0,-,"£3,900 p/w",- - -
Inj,67211705,Carlos Marín - Spanish,Córdoba - Spanish Federation First Division B,GK,27,£425K - £1.3M,58,15,20,73%,14.93,-,89%,0.26,6.9,55%,0.9,6,2,"£8,250 p/w",- - -
,18083572,Quintijn Steelant - Belgian,RFC Wetteren - Belgian Second Amateur Division VV A,GK,27,£0,61,15,30,76%,13.25,-,88%,0.33,6.84,44%,0.92,3,2,£210 p/w,- - -
Ama,18083604,Stijn Jeurissen - Belgian,K Lanaken VV - Limburg Provincial Division,GK,27,£0,0,0,0,0%,11.71,-,0%,0,7.32,0%,1.15,0,-,N/A,- - -
Wnt,43153068,Alessandro Livieri - Italian,Catania - Italian Serie C/C,GK,27,£0,65,18,27,72%,11.24,-,88%,0.06,6.67,37%,1.13,5,2,"£2,700 p/w",- - -
,67222735,Jesús Ruiz - Spanish,Alcorcón - Spanish Second Division,GK,27,£55K - £550K,86,25,37,74%,14.23,-,90%,-0.03,6.68,28%,1.38,6,3,"£2,000 p/w",- - -
,78074060,Ignacio de Arruabarrena - Uruguayan,Arouca - Portuguese Premier League,GK,27,£5.8M - £8.8M,78,39,38,74%,25.06,-,87%,0.35,6.71,34%,1.17,4,3,"£15,000 p/w",- - -
,13138993,Dele Alampasu - Nigerian,Jura Dolois Football - French National 3 - Group J,GK,27,£4K - £12K,1,0,0,100%,11.63,-,93%,0.02,7.17,0%,1.15,0,0,£300 p/w,- - -
,14220337,Sandro Ammaturo - Argentinian,Villaralbo - Spanish Federation Third Group 8,GK,27,£3.5K - £12K,0,0,0,0%,12.19,-,0%,0,7.38,0%,1.12,0,-,£250 p/w,- - -
,14118432,Marco Wolff - Israeli,Maccabi Petach-Tikva - Israeli Premier League,GK,27,£140K - £1.4M,0,0,0,0%,11.94,-,0%,0,6.63,0%,1.39,0,-,"£4,200 p/w",- - -
,28095217,Owen Evans - Welsh,Walsall - Sky Bet League Two,GK,27,£160K - £475K,45,15,40,67%,13.3,-,89%,0.04,6.69,39%,1.18,10,2,"£1,100 p/w",- - -
,43167855,Tommaso Nobile - Italian,Foggia - Italian Serie C/C,GK,27,£35K - £350K,71,9,18,69%,15.95,-,87%,0.03,6.76,35%,1.11,2,2,"£2,300 p/w",- - -
,28097144,Charlie Albinson - English,Ayr United - cinch Championship,GK,27,£26K - £250K,61,23,30,69%,13.71,-,89%,0.2,6.82,51%,1.13,9,2,£750 p/w,- - -
Req,19264240,Bryan - Brazilian,Institute - Playr-Fit Championship,GK,27,£0,48,12,23,68%,12.14,-,88%,0.01,6.71,46%,0.99,1,2,£75 p/w,- - -
Ama,18089256,Julien Wets - Belgian,RCS Nivellois - Brabant Provincial Division (Wal),GK,27,£0,0,0,0,0%,11.88,-,0%,0,7.39,0%,1.1,0,-,N/A,- - -
,2000063321,Samuel Zapico - Spanish,Barockstadt - German Regional Division Southwest,GK,27,£2K - £6K,55,20,18,66%,11.36,-,89%,0.03,6.73,51%,1.17,3,2,£350 p/w,- - -
Ama,18087089,Brent Van Steelandt - Belgian,Grembergen - East-Flanders Provincial Division,GK,27,£0,0,0,0,0%,13.01,-,0%,0,7.33,0%,1.1,0,-,N/A,- - -
,19249507,Ronaldo - Brazilian,ATG - Brazilian National Second Division,GK,27,£325K - £3.2M,31,13,22,77%,17.53,-,91%,0.17,6.97,65%,0.56,0,1,"£4,500 p/w",- - -
,13131417,Seck Diabagaté - Ivorian,RC Abidjan - Ivorian Ligue 1,GK,27,£0,51,12,28,68%,11.2,-,86%,0.31,6.84,60%,1.01,1,2,N/A,- - -
,14123562,Joaquín Mendive - Argentinian,Paganese - Italian Serie D Grp. H,GK,27,£0 - £30K,0,0,0,0%,11.79,-,0%,0,7.28,0%,1.14,0,-,£525 p/w,- - -
,48031026,Alexandre Menay - French,OFC Les Mureaux - French National 3 - Group F,GK,27,£0 - £8K,0,0,0,0%,12.09,-,0%,0,7.54,0%,0.98,0,-,£275 p/w,- - -
Ama,37056336,Phil van den Broek - New Zealand,Unitas '59 - -,GK,27,£0,0,0,0,0%,10.84,-,0%,0,5.62,0%,1.7,0,-,N/A,- - -
,91194337,Lars Huxsohl - German,Norderstedt - German Regional Division North,GK,27,£1.5K - £4.5K,56,14,14,63%,11.93,-,90%,-0.21,6.79,60%,1.19,4,2,£325 p/w,- - -
,23359977,Yousef Hassan - Qatari,Al-Gharafa - Qatar Stars League,GK,28,£2M - £4M,58,20,15,75%,15.7,-,87%,0.11,6.74,63%,0.91,3,2,"£17,500 p/w",- - -
,67199250,Miquel Parera - Spanish,R. Santander - Spanish Second Division,GK,28,£35K - £5.6M,86,31,39,78%,19.78,-,89%,0.25,6.81,38%,1.04,5,3,"£5,750 p/w",- - -
Ama,14108935,Tommy - Argentinian,Sant Josep - Spanish Regional Ibiza-Formentera,GK,28,£0,0,0,0,0%,12.26,-,0%,0,7.33,0%,1.23,0,-,N/A,- - -
Ama,18095185,Cillian Erkens - Belgian,RC Waterloo - Brabant Provincial Division (Wal),GK,28,£0,2,1,0,50%,11.99,-,91%,-0.04,7.22,0%,1.48,0,0,N/A,- - -
,76040773,Sergio Pabón - Colombian,Badajoz B - Spanish Regional Division,GK,28,£65K - £200K,0,0,0,0%,12.5,-,0%,0,7.58,0%,0.84,0,-,"£3,600 p/w",- - -
Wnt,29110227,Dillon Barnes - Jamaican,Haringey - English Isthmian League Premier Division,GK,28,£0,0,0,0,0%,12.42,-,0%,0,7.3,0%,1.31,0,-,N/A,- - -
Int,70097314,Uğurcan Çakır - Turkish,Trabzonspor - Turkish Super League,GK,28,£19M - £28M,49,15,29,79%,19.88,-,89%,0.46,7.12,65%,0.79,3,2,"£68,000 p/w",- - -
,67201634,André Onana - Cameroonian,Man UFC - English Premier Division,GK,28,£94M - £142M,40,23,56,77%,28.13,0.19,85%,-0.07,7.06,60%,0.87,2,2,"£110,000 p/w",- - -
,18078978,Jeffrey Pauwels - Belgian,Lille Utd - Belgian Second Amateur Division VV B,GK,28,£0,54,20,21,70%,10.21,-,89%,-0.02,6.72,59%,0.97,2,2,£210 p/w,- - -
,49035577,Marc-Antoine Guillaume - French,ASM Belfort - French National 3 - Group I,GK,28,£6K - £16K,4,0,1,71%,11.39,-,86%,0.01,7.42,0%,1.18,0,0,£425 p/w,- - -
,42058059,Omri Glazer - Israeli,Crvena zvezda - Serbian SuperLeague,GK,28,£170K - £1.7M,5,5,13,60%,13.18,-,81%,-0.12,7.21,3%,1.39,0,0,"£6,500 p/w",- - -
,62176273,Eldin Bečić - Montenegrin,Weiden - German Lower Division,GK,28,£1.5K - £4.5K,0,0,0,0%,11.88,-,0%,0,7.36,0%,1.11,1,-,£230 p/w,- - -
Wnt,52092104,Geoff McKinty - Northern Irish,Crewe Utd - Northern Irish Mid Ulster Intermediate A,GK,28,£0,59,18,43,64%,10.62,-,90%,-0.3,6.23,23%,2.08,4,3,N/A,- - -
,43124249,Andrea Dini - Italian,Crotone - Italian Serie C/C,GK,28,£9K - £28K,62,23,20,77%,13.41,-,90%,0.44,6.79,53%,0.88,3,2,"£1,500 p/w",- - -
Wnt,43124226,Lorenzo Montipò - Italian,Hellas Verona - Italian Serie A,GK,28,£30K - £5.2M,58,26,47,71%,16.61,-,88%,-0.26,6.62,16%,1.52,6,3,"£29,000 p/w",- - -
,19202603,John - Brazilian,Valladolid - Spanish Second Division,GK,28,£375K - £3.8M,49,14,20,78%,15.76,-,88%,0.6,6.98,46%,0.73,4,2,"£1,200 p/w",- - -
,85144182,Alexandre Marfaing - French,FC Ouest Tourangeau 37 - French National 3 - Group C,GK,28,£0 - £10K,1,1,1,42%,11.56,-,92%,-0.05,7.61,0%,0.98,0,0,£375 p/w,- - -
,67257277,Kevin - Spanish,Berceo - Spanish Federation Third Group 16,GK,28,£5K - £16K,0,0,0,0%,12.57,-,0%,0,7.31,0%,1.07,0,-,£350 p/w,- - -
,85103599,Florian Escales - French,FC Annecy - Ligue 2 BKT,GK,28,£28K - £275K,81,28,30,73%,11.87,-,89%,0.18,6.61,21%,1.31,3,3,"£1,800 p/w",- - -
,23349233,Mohammad Hossein Akbar Monadi - Iranian,Malavan - Persian Gulf Premier League,GK,28,£325K - £950K,0,0,0,0%,12.36,-,0%,0,6.93,0%,1.51,0,-,"£5,000 p/w",- - -
Int,61044916,Liam Kelly - Scottish,Motherwell - cinch Premiership,GK,28,£6.8M - £10.5M,50,19,21,73%,16.16,-,89%,0.22,6.95,35%,0.81,1,2,"£3,100 p/w",- - -
Ama,18089350,Oussayd Belkouch - Moroccan,ASV Geel - Belgian Third Amateur Division VV B,GK,28,£0,0,0,0,0%,12.39,-,0%,0,7.36,0%,1.02,0,-,N/A,- - -
,91128447,Sebastian Kolbe - German,Türkgücü München - German Regional Division Bavaria,GK,28,£6K - £55K,46,23,22,73%,9.58,-,89%,0.13,6.85,49%,0.89,3,2,£825 p/w,- - -
,92057939,Marius Funk - German,FC Ingolstadt 04 - 3. Liga,GK,28,£14K - £140K,54,10,21,73%,16.58,-,88%,0.19,6.94,47%,0.88,3,2,"£1,900 p/w",- - -
,29108190,Joe Wildsmith - English,Derby - Sky Bet League One,GK,28,£650K - £8.4M,46,16,19,69%,14.08,-,88%,0.06,6.88,50%,0.87,1,2,"£7,250 p/w",- - -
Ama,18074010,Kevin Frans - Belgian,KVE Drongen - East-Flanders Provincial Division,GK,28,£0,0,0,0,0%,11.66,-,0%,0,7.41,0%,0.8,0,-,N/A,- - -
,55082016,André Moreira - Portuguese,Al-Raed - Saudi Professional League,GK,28,£6.8M - £10.5M,54,25,22,73%,15.66,-,87%,0.17,6.8,53%,0.93,3,2,"£53,000 p/w",- - -
Int,62076152,Predrag Rajković - Serbian,Mallorca - Spanish First Division,GK,28,£11M - £16.5M,68,29,40,76%,16.22,-,89%,0.32,6.79,35%,1.07,4,3,"£34,500 p/w",- - -
Ama,14182225,Juan Martín Boiero - Argentinian,Campora - Italian Promozione Calabria Grp.A,GK,28,£0,0,0,0,0%,12,-,0%,0,7.58,0%,1,0,-,N/A,- - -
,50065457,Pascal Michelizzi - French,AG Caen - French National 3 - Group F,GK,28,£4K - £12K,0,0,0,0%,12.01,-,100%,-0.02,7.1,0%,1.1,0,-,£275 p/w,- - -
,37041412,Mike Havekotte - Dutch,TOP Oss - Keuken Kampioen Divisie,GK,28,£0 - £8K,56,23,24,67%,13.38,-,91%,-0.16,6.58,36%,1.42,2,2,£650 p/w,- - -
Opt,28088504,Luke McGee - English,Tranmere - Sky Bet League Two,GK,28,£0 - £35K,62,20,31,68%,11.52,-,88%,-0.08,6.65,24%,1.19,6,2,"£1,800 p/w",- - -
Ama,52073652,Jack Boggs - Northern Irish,Strabane Ath - Northern Irish Ballymena Intermediate League B,GK,28,£0,16,2,4,68%,12.43,-,92%,-0.08,6.99,5%,1.33,0,0,N/A,- - -
Ama,70104622,Tümay Yavuz - Turkish,Sporting Bruxelles - Brabant Provincial Division (Wal),GK,28,£0,0,0,0,0%,12,-,0%,0,7.27,0%,1.16,0,-,N/A,- - -
Ama,18077538,Jordy Mervilde - Belgian,KWS Club Lauwe - West-Flanders Provincial Division,GK,28,£0,2,1,0,75%,11.83,-,91%,0.04,7.55,0%,0.95,0,0,N/A,- - -
,85087276,Ibrahima Sy - Senegalese,Le Poiré-sur-Vie VF - French National 3 - Group D,GK,28,£0 - £16K,0,0,0,0%,12.07,-,0%,0,7.67,0%,1.02,0,-,£350 p/w,- - -
,18060240,Bo Geens - Belgian,City Pirates Antwerpen - Belgian Second Amateur Division VV B,GK,28,£0 - £35K,64,17,26,74%,12.42,-,89%,0.08,6.88,54%,1.02,3,2,£350 p/w,- - -
,43085795,Gianmarco Vannucchi - Italian,Taranto - Italian Serie C/C,GK,28,£1.5K - £16K,55,17,18,72%,13.34,-,89%,-0.01,6.82,45%,0.92,3,2,"£2,100 p/w",- - -
,37057388,Etienne Vaessen - Dutch,RKC Waalwijk - Eredivisie,GK,28,£120K - £1.2M,77,29,33,73%,13.16,-,89%,0.08,6.51,14%,1.4,8,3,"£1,500 p/w",- - -
Ama,18082227,Guenael Mazzara - Belgian,RAF Oppagne-Weris - Luxembourg Provincial Division,GK,28,£0,0,0,0,0%,12.18,-,0%,0,7.21,0%,1.09,0,-,N/A,- - -
,91108114,Marvin Schwäbe - German,1. FC Köln - Bundesliga,GK,29,£900K - £9.6M,66,28,27,72%,20.68,0.03,87%,0.11,6.66,24%,1.31,6,3,"£27,000 p/w",- - -
,29086052,Christy Pym - English,Mansfield - Sky Bet League Two,GK,29,£90K - £900K,75,17,30,71%,13.93,-,88%,0.12,6.79,29%,1.01,7,2,"£3,000 p/w",- - -
Lst,43094480,Wladimiro Falcone - Italian,Salento - Italian Serie A,GK,29,£3.1M,89,24,35,72%,21.75,-,88%,-0.14,6.64,23%,1.4,4,3,"£18,250 p/w",- - -
,23340499,Payam Niazmand - Iranian,Sepahan - Persian Gulf Premier League,GK,29,£75K - £750K,53,19,24,79%,16.37,-,89%,0.33,7.03,64%,0.65,3,2,"£13,250 p/w",- - -
Ctr,89051011,Hafed Al Droubi - Jordanian,Rayners Lane - English Combined Counties League Premier North,GK,29,£0,0,0,0,0%,12.26,-,0%,0,7.65,0%,0.96,0,-,N/A,- - -
,67183918,Álex Remiro - Spanish,Real San Sebastián - Spanish First Division,GK,29,£55M - £83M,83,28,38,79%,30.97,-,89%,0.15,6.93,45%,1.04,4,3,"£36,500 p/w",- - -
Ama,18075302,Julien Compas - Belgian,Standard Bièvre - Namur Provincial Division,GK,29,£0,0,0,0,0%,11.99,-,0%,0,7.48,0%,1.02,0,-,N/A,- - -
Ctr,2000251767,Dean Easton - Scottish,Lochee Utd - Scottish Midlands League,GK,29,£0,0,0,0,0%,12.3,-,0%,0,7.46,0%,0.95,3,-,N/A,- - -
Ama,85087275,Florent Maddaloni - French,Carnoux FC - French Regional 1 - Méditerranée,GK,29,£0,0,0,0,0%,12.21,-,0%,0,7.76,0%,0.88,0,-,N/A,- - -
,85104572,Mouez Hassen - Tunisian,Club Africain - Ligue Professionnelle 1,GK,29,£180K - £1.8M,0,0,0,0%,12.22,-,0%,0,7.13,0%,1.32,0,-,"£3,100 p/w",- - -
,43093956,Valerio Vimercati - Italian,Noah - Armenian High League,GK,29,£0,0,0,0,0%,11.98,-,0%,0,6.31,0%,1.44,0,-,£550 p/w,- - -
,28067975,Jack Rose - English,Sutton - Sky Bet League Two,GK,29,£18K - £190K,42,18,23,67%,10.83,-,87%,0.07,6.75,44%,1.07,6,2,"£1,100 p/w",- - -
Int,55082900,Thierry Graça - Cape Verdean,Batuque - São Vicente Premier Division,GK,29,£0,0,0,0,0%,11.77,-,0%,0,6.93,0%,1.35,0,-,£20 p/w,- - -
,23470674,Basil Al-Bahrani - Saudi,Al-Batin - Saudi First Division League,GK,29,£18K - £170K,0,0,0,0%,11.87,-,0%,0,7.27,0%,1.04,0,-,"£12,000 p/w",- - -
,67188823,Cristian Arco - Spanish,Lorca D. - Spanish Federation Third Group 13,GK,29,£500 - £4.5K,0,0,0,0%,12.37,-,0%,0,7.39,0%,1.02,0,-,£325 p/w,- - -
,18113058,Ulric Cremers - French,La Louvière Centre - Belgian Second Amateur Division ACFF C,GK,29,£0 - £18K,84,13,25,71%,8.67,-,88%,0.26,6.7,35%,1.19,6,2,£450 p/w,- - -
,67178152,Pau López - Spanish,OM - Ligue 1 Uber Eats,GK,29,£21M - £32M,69,21,33,75%,27.53,-,88%,0.22,6.83,51%,0.99,6,2,"£64,000 p/w",- - -
Int,98029123,Seny Dieng - Senegalese,Middlesbrough - Sky Bet Championship,GK,29,£6.4M,82,26,37,79%,18.03,-,87%,0.27,6.94,43%,1.02,8,3,"£15,000 p/w",- - -
,13117437,Felix Annan - Ghanaian,Carlton - English Northern Premier League Division One East,GK,29,£0,0,0,0,0%,11.81,-,0%,0,7.59,0%,1,0,-,£100 p/w,- - -
Wnt,43095801,Andrea Fulignati - Italian,Catanzaro - Italian Serie B,GK,29,£1.4M - £2.9M,85,33,38,78%,16.12,-,89%,0.23,6.87,43%,1.12,10,3,"£7,500 p/w",- - -
,25034256,Ondřej Kolář - Czech,Slavia Prague - Czech First Division,GK,29,£325K - £3.2M,31,3,9,78%,12.4,-,91%,0.13,6.89,19%,1.05,1,1,"£7,000 p/w",- - -
,85142790,Enzo Basilio - French,EA Guingamp - Ligue 2 BKT,GK,29,£190K - £1.9M,57,17,29,75%,12.74,-,87%,0.44,6.83,34%,0.99,3,3,"£3,700 p/w",- - -
,67157624,Kepa Arrizabalaga - Spanish,R. Madrid - Spanish First Division,GK,29,£30M - £45M,69,28,38,76%,25.83,0.08,88%,0.05,7.01,67%,0.89,1,2,"£220,000 p/w",- - -
,18082067,Chris Espeso - Belgian,Ganshoren - Belgian Second Amateur Division ACFF C,GK,29,£0,51,23,23,68%,8.86,-,90%,-0.14,6.87,51%,1.09,2,2,£200 p/w,- - -
Ama,18081898,Miguel Libbrecht - Belgian,KSK Steenbrugge - West-Flanders Provincial Division,GK,29,£0,0,0,0,0%,12.15,-,0%,0,7.12,0%,1.32,0,-,N/A,- - -
Ama,18045361,Adrien Faidherbe - Belgian,ASE de Chastre - Brabant Provincial Division (Wal),GK,29,£0,0,0,0,0%,12.2,-,0%,0,7.77,0%,0.98,0,-,N/A,- - -
,85082408,Jérémy Vachoux - French,Stade Lausanne-Ouchy - Swiss Super League,GK,29,£55K - £550K,0,0,0,0%,11.5,-,0%,0,6.51,0%,1.47,0,-,"£1,300 p/w",- - -
,13176423,Farid Chaâl - Algerian,Al-Najmah (KSA) - Saudi First Division League,GK,29,£5K - £55K,0,0,0,0%,11.84,-,0%,0,7.33,0%,1.21,0,-,"£10,250 p/w",- - -
Inj,91202815,Marcel Schleicher - German,Göppingen - German Div. Baden-Württemberg,GK,29,£500 - £3K,0,0,0,0%,12.12,-,0%,0,7.15,0%,1.21,0,-,£475 p/w,- - -
Wnt,23287638,Saoud Al-Qenaei - Kuwaiti,Salmiya - Kuwaiti Premier League,GK,29,£0 - £95K,0,0,0,0%,12.04,-,0%,0,7.24,0%,1.17,0,-,"£1,200 p/w",- - -
,2000041878,Jonny - Spanish,Marchamalo - Spanish Federation Third Group 18,GK,29,£0 - £9K,0,0,0,0%,11.99,-,0%,0,7.27,0%,1.38,0,-,£240 p/w,- - -
Ama,18052066,Oguzhan Demirci - Turkish,KFC Anadol - Limburg Provincial Division,GK,29,£0,0,0,0,0%,11.9,-,0%,0,7.55,0%,0.85,0,-,N/A,- - -
Ama,18076123,Andreas Smits - Belgian,K Sint-Job FC - Antwerp Provincial Division,GK,30,£0,0,0,0,0%,11.83,-,0%,0,7.12,0%,1.29,0,-,N/A,- - -
,85068996,Paul Nardi - French,AA Gent - Jupiler Pro League,GK,30,£7.2M - £11M,89,20,36,76%,15.64,-,87%,0.34,6.94,45%,0.88,1,2,"£8,250 p/w",- - -
,96079626,Patryk Królczyk - Polish,Mieres Deportivo - Spanish Federation Third Group 2,GK,30,£20K - £190K,0,0,0,0%,12.49,-,0%,0,7.67,0%,0.84,0,-,"£1,500 p/w",- - -
,14048328,Juan Musso - Argentinian,Atalanta - Italian Serie A,GK,30,£18.5M - £28M,57,24,26,73%,18.16,0.02,88%,0.11,6.99,52%,0.93,2,2,"£52,000 p/w",- - -
,64043302,Ahmed Al-Rawahi - Omani,Al-Seeb - Omani Professional League,GK,30,£0 - £10K,51,14,35,71%,12.75,-,90%,0,6.93,60%,0.99,4,2,£140 p/w,- - -
,85073883,Brice Samba - French,RC Lens - Ligue 1 Uber Eats,GK,30,£20M - £25M,66,25,48,72%,19.02,0.05,86%,0.01,6.79,36%,1.38,3,3,"£25,500 p/w",- - -
,67117362,Alfonso Herrero - Spanish,Málaga - Spanish Federation First Division B,GK,30,£180K - £1.8M,51,9,26,74%,15.26,-,87%,0.14,6.83,58%,0.87,4,2,"£3,500 p/w",- - -
,29077766,James Montgomery - English,Spennymoor - Vanarama National League North,GK,30,£0 - £18K,2,1,2,83%,14.56,0.02,87%,0.02,7.32,7%,0.93,0,0,£600 p/w,- - -
,67152421,Ximo Ballester - Spanish,Cieza - Spanish Federation Third Group 13,GK,30,£5K - £16K,0,0,0,0%,12.14,-,0%,0,7.51,0%,0.88,0,-,£325 p/w,- - -
,43094150,Ivan Provedel - Italian,Lazio - Italian Serie A,GK,30,£39M - £60M,81,19,41,73%,28.14,-,88%,0.01,6.91,45%,1.06,5,2,"£30,500 p/w",- - -
Int,28054565,Jordan Pickford - English,Everton - English Premier Division,GK,30,£61M - £73M,64,25,89,81%,12.9,0.07,85%,0.04,6.85,39%,1.44,11,4,"£150,000 p/w",- - -
,85144362,Esteban Salles - French,Concarneau - Ligue 2 BKT,GK,30,£75K - £750K,62,34,31,74%,11.97,-,88%,0.25,6.68,28%,1.29,6,3,"£1,700 p/w",- - -
Ama,18059743,Quentin Simonis - Belgian,R Herve FC - Liège Provincial Division,GK,30,£0,0,0,0,0%,11.61,-,0%,0,7.4,0%,0.8,0,-,N/A,- - -
Ama,18058897,Simon Vandervelden - Belgian,ASS Montkainoise - Hainaut Provincial Division,GK,30,£0,0,0,0,0%,11.86,-,0%,0,7.14,0%,1.27,0,-,N/A,- - -
,24025792,Marko Malenica - Croatian,Osijek - Croatian First League,GK,30,£65K - £650K,26,8,12,64%,13.35,-,88%,-0.04,6.94,3%,1.26,4,1,"£2,900 p/w",- - -
,55067163,Rui Silva - Portuguese,Real Hispalis - Spanish First Division,GK,30,£7.2M - £9M,88,29,43,72%,22.75,-,87%,0.08,6.64,45%,1.26,5,3,"£18,750 p/w",- - -
,91109390,Maximilian Reule - German,Großaspach - German Div. Baden-Württemberg,GK,30,£10K - £110K,99,31,37,72%,12.84,-,88%,-0.01,6.59,21%,1.56,5,3,"£1,400 p/w",- - -
,85078655,Christopher Dilo - French,AS Arta - Djiboutian Premier Division,GK,30,£0,0,0,0,0%,12.45,-,0%,0,7.46,0%,1.19,0,-,£230 p/w,- - -
Ama,18019967,Kasper Monné - Belgian,KV Hooikt - Antwerp Provincial Division,GK,30,£0,0,0,0,0%,11.98,-,0%,0,7.5,0%,0.95,0,-,N/A,- - -
,47022611,Stole Dimitrievski - Macedonian,Vallecano - Spanish First Division,GK,30,£375K - £3.7M,70,20,23,66%,29.64,-,89%,-0.35,6.52,30%,1.6,3,3,"£12,250 p/w",- - -
,18027236,Jordy Maes - Belgian,KFC Merelbeke - Belgian Second Amateur Division VV A,GK,30,£0,34,9,26,65%,9.68,-,87%,-0.25,6.79,36%,1.07,3,1,£200 p/w,- - -
Ama,12028905,Lassane Nikiéma - Burkinabé,De Dijk - Dutch Eerste Klasse A,GK,30,£0,0,0,0,0%,12.63,-,0%,0,7.5,0%,1.06,0,-,N/A,- - -
,50036324,Julien Perez - French,GFA Rumilly-Vallières - French National 3 - Group J,GK,30,£0 - £10K,50,19,31,67%,11.43,-,87%,0.06,6.64,40%,1.14,4,2,£425 p/w,- - -
Ctr,29073661,David Hughes - Welsh,Bowers & Pitsea - English Isthmian League North Division,GK,30,£0,0,0,0,0%,12.33,-,0%,0,7.34,0%,1.19,0,-,N/A,- - -
Int,49031649,Fahardine Hassani - Comoran,Chassieu Décines FC - French National 3 - Group K,GK,30,£2.5K - £7K,3,0,3,66%,12.31,-,90%,-0.02,7.33,0%,1.13,0,0,£200 p/w,- - -
Wnt,18050403,Jeroen Hofmans - Belgian,KFC Zwarte Leeuw - Belgian Third Amateur Division VV B,GK,30,£0,0,0,0,0%,12.02,-,0%,0,7.62,0%,0.95,0,-,£200 p/w,- - -
,85136794,Axel Maraval - French,FC Rouen - French National,GK,30,£95K - £950K,55,17,30,73%,11.77,-,89%,0.3,6.7,42%,1.07,1,2,"£1,300 p/w",- - -
,23303284,Satea Al-Abbasi - Syrian,Qatar SC - Qatar Stars League,GK,30,£120K - £1.2M,64,24,22,70%,11,-,88%,0.21,6.48,26%,1.4,9,3,"£6,000 p/w",- - -
Inj,67115824,Adrián Ortolà - Spanish,Sabadell - Spanish Federation First Division A,GK,30,£12K - £120K,48,27,31,74%,13.35,-,88%,0.11,6.86,33%,0.96,6,2,"£3,300 p/w",- - -
Ama,50067511,Jérémy Brunerol - French,FC 2 Rives 82 - French Regional 1 - Occitanie - Group C,GK,30,£0,0,0,0,0%,11.81,-,0%,0,7.17,0%,1.33,0,-,N/A,- - -
,29075816,Max Crocombe - New Zealand,Burton - Sky Bet League One,GK,30,£55K - £550K,69,20,33,72%,10.65,-,90%,0.2,6.71,23%,1.03,4,2,"£2,000 p/w",- - -
,28085170,Will Norris - English,Portsmouth - Sky Bet League One,GK,30,£45K - £475K,59,14,29,74%,12.02,-,90%,0.17,6.81,49%,0.87,3,2,"£3,500 p/w",- - -
Ama,37041387,Petar Stošković - Dutch,UNA - Dutch Derde Divisie B,GK,30,£0,2,0,1,50%,13,-,92%,-0.03,7.35,0%,0.8,0,0,N/A,- - -
,43022306,Alessandro Micai - Italian,Cosenza - Italian Serie B,GK,30,£200K - £2M,65,15,32,75%,15,-,87%,0.18,6.8,31%,0.97,3,2,"£6,000 p/w",- - -
Wnt,19183788,Simão - Brazilian,AVS SAD - Portuguese Second League,GK,30,£0 - £45K,0,0,0,0%,12.29,-,0%,0,7.26,0%,1.09,0,-,"£1,300 p/w",- - -
Wnt,43061419,Mirko Pigliacelli - Italian,Palermo - Italian Serie B,GK,30,£240K - £2.4M,75,29,34,76%,16.5,-,89%,0.16,6.9,40%,1.04,10,3,"£11,750 p/w",- - -
Int,85057316,Mory Diaw - Senegalese,Clermont - Ligue 1 Uber Eats,GK,30,£4.7M,70,19,24,73%,16.92,0.03,86%,0.2,6.7,15%,1.24,3,3,"£12,250 p/w",- - -
Int,93024808,Jacob Rinne - Swedish,Al-Fateh - Saudi Professional League,GK,30,£9.8M - £15M,54,13,23,79%,16.09,-,89%,0.3,7.1,57%,0.69,3,2,"£47,000 p/w",- - -
,67177269,Toni Casamayor - Spanish,Vilafranca Penedés - Spanish Federation Third Group 5,GK,30,£2K - £7K,0,0,0,0%,12.61,-,0%,0,7.56,0%,0.83,0,-,£240 p/w,- - -
Int,92056834,Mark Flekken - Dutch,Brentford - English Premier Division,GK,30,£28M - £42M,60,33,69,79%,14.88,0.09,85%,0.06,6.87,33%,1.26,5,3,"£35,000 p/w",- - -
,,,,,,,,,,,,,,,,,,,,,
https://www.sigames.com/,,,,,,,,,,,,,,,,,,,,,