UID,Name,Club,Position,Age,New Transfer Value ,Salary,Anticipation,Vision,Off The Ball,Teamwork,Decisions,Composure,Technique,Passing,Flair,Dribbling,Agility,First Touch
28108494,Phil Foden - English,Man City - English Premier Division,"M (C), AM (RLC)",24," £255,000,000.00 ","£205,000.00",15.00,16.00,16.00,14.00,14.00,15.00,17.00,17.00,16.00,17.00,17.00,17.00
29233143,Harvey Elliott - English,Liverpool - English Premier Division,"M (C), AM (R)",21," £239,500,000.00 ","£45,000.00",14.00,16.00,15.00,17.00,14.00,15.00,16.00,16.00,15.00,14.00,15.00,17.00
29232937,Jude Bellingham - English,R. Madrid - Spanish First Division,"DM, M/AM (C)",20," £227,500,000.00 ","£350,000.00",16.00,17.00,17.00,16.00,14.00,17.00,17.00,16.00,16.00,17.00,16.00,16.00
67197125,Marco Asensio - Spanish,Paris SG - Ligue 1 Uber Eats,AM (RLC),28," £212,500,000.00 ","£115,000.00",15.00,16.00,13.00,14.00,14.00,14.00,17.00,16.00,17.00,16.00,15.00,17.00
19302146,Vinícius Júnior - Brazilian,R. Madrid - Spanish First Division,"M (L), AM (RL)",23," £219,000,000.00 ","£350,000.00",16.00,14.00,17.00,13.00,16.00,15.00,15.00,15.00,16.00,19.00,16.00,14.00
18004457,Kevin De Bruyne - Belgian,Man City - English Premier Division,"M (RLC), AM (C)",32," £194,000,000.00 ","£350,000.00",14.00,20.00,15.00,14.00,18.00,14.00,18.00,18.00,16.00,16.00,13.00,16.00
83174762,Vitinha - Portuguese,Paris SG - Ligue 1 Uber Eats,"DM, M (C)",24," £194,000,000.00 ","£170,000.00",16.00,16.00,15.00,16.00,15.00,15.00,16.00,16.00,13.00,15.00,16.00,15.00
37047745,Frenkie de Jong - Dutch,Barcelona - Spanish First Division,"DM, M (C)",27," £171,000,000.00 ","£275,000.00",17.00,18.00,15.00,17.00,16.00,16.00,17.00,17.00,15.00,16.00,16.00,17.00
67293495,Pedri - Spanish,Barcelona - Spanish First Division,"M (C), AM (RLC)",21," £166,000,000.00 ","£185,000.00",17.00,19.00,14.00,13.00,17.00,16.00,18.00,17.00,17.00,17.00,17.00,18.00
28124579,Jamal Musiala - German,FC Bayern - Bundesliga,"M (C), AM (RLC)",21," £159,500,000.00 ","£180,000.00",15.00,16.00,15.00,15.00,15.00,15.00,18.00,16.00,18.00,19.00,18.00,16.00
86078360,Moisés Caicedo - Ecuadorian,Chelsea - English Premier Division,"DM, M (C)",22," £174,500,000.00 ","£140,000.00",15.00,15.00,13.00,15.00,16.00,15.00,15.00,15.00,14.00,14.00,16.00,14.00
83111483,Rafael Leão - Portuguese,AC Milan - Italian Serie A,"AM (L), ST (C)",24," £134,500,000.00 ","£145,000.00",15.00,14.00,15.00,13.00,13.00,13.00,15.00,14.00,18.00,17.00,18.00,16.00
18115012,Roméo Lavia - Belgian,Chelsea - English Premier Division,"DM, M (C)",20," £147,500,000.00 ","£75,000.00",15.00,15.00,14.00,16.00,14.00,13.00,14.00,14.00,14.00,13.00,15.00,15.00
28104124,Trent Alexander-Arnold - English,Liverpool - English Premier Division,"D/WB (R), DM",25," £137,500,000.00 ","£250,000.00",14.00,16.00,14.00,15.00,15.00,15.00,17.00,18.00,13.00,13.00,15.00,17.00
48030711,André-Franck Zambo Anguissa - Cameroonian,Parthenope - Italian Serie A,"DM, M (C)",28," £103,500,000.00 ","£99,000.00",16.00,13.00,16.00,15.00,14.00,15.00,16.00,16.00,16.00,16.00,14.00,16.00
93070286,Alexander Isak - Swedish,Newcastle - English Premier Division,ST (C),24," £113,000,000.00 ","£120,000.00",15.00,15.00,16.00,14.00,14.00,15.00,17.00,13.00,17.00,17.00,15.00,15.00
28115788,Curtis Jones - English,Liverpool - English Premier Division,M/AM (LC),23," £111,000,000.00 ","£65,000.00",15.00,15.00,15.00,17.00,14.00,16.00,15.00,14.00,15.00,16.00,15.00,16.00
19383257,Yan Couto - Brazilian,Girona - Spanish First Division,D/WB/M/AM (R),22," £92,500,000.00 ","£38,500.00",13.00,14.00,14.00,14.00,14.00,14.00,14.00,14.00,13.00,14.00,14.00,13.00
67276230,Nico Williams - Spanish,A. Bilbao - Spanish First Division,M/AM (RL),21," £104,000,000.00 ","£54,000.00",13.00,14.00,15.00,13.00,13.00,13.00,15.00,13.00,15.00,14.00,16.00,14.00
67296654,Alejandro Balde - Spanish,Barcelona - Spanish First Division,D/WB/M/AM (L),20," £101,500,000.00 ","£125,000.00",14.00,14.00,16.00,13.00,13.00,13.00,15.00,13.00,14.00,14.00,17.00,15.00
92074020,Christian Pulisic - American,AC Milan - Italian Serie A,AM (RLC),25," £102,500,000.00 ","£85,000.00",15.00,14.00,15.00,15.00,14.00,14.00,15.00,13.00,15.00,16.00,16.00,15.00
43139595,Nicolò Barella - Italian,Inter - Italian Serie A,"DM, M (C)",27," £86,500,000.00 ","£155,000.00",14.00,16.00,16.00,17.00,14.00,14.00,15.00,16.00,14.00,14.00,15.00,15.00
43295814,Dejan Kulusevski - Swedish,Tottenham - English Premier Division,"M (R), AM (RC)",24," £95,500,000.00 ","£140,000.00",16.00,17.00,16.00,15.00,15.00,14.00,16.00,17.00,16.00,16.00,15.00,15.00
67211760,Mikel Merino - Spanish,Real San Sebastián - Spanish First Division,"DM, M (C)",27," £76,000,000.00 ","£67,000.00",13.00,16.00,14.00,15.00,14.00,13.00,15.00,16.00,13.00,14.00,13.00,14.00
67294886,Gabri Veiga - Spanish,Al-Ahli (KSA) - Saudi Professional League,M/AM (C),22," £94,000,000.00 ","£205,000.00",15.00,15.00,17.00,13.00,13.00,15.00,16.00,15.00,14.00,15.00,15.00,14.00
67288555,Xavi Simons - Dutch,RB Leipzig - Bundesliga,M/AM (C),21," £84,500,000.00 ","£190,000.00",15.00,16.00,15.00,14.00,13.00,15.00,16.00,16.00,16.00,15.00,16.00,16.00
48042326,Aurélien Tchouameni - French,R. Madrid - Spanish First Division,"DM, M (C)",24," £84,000,000.00 ","£205,000.00",16.00,15.00,14.00,15.00,15.00,16.00,14.00,15.00,13.00,13.00,15.00,14.00
12080051,Pape Matar Sarr - Senegalese,Tottenham - English Premier Division,M (C),21," £74,500,000.00 ","£81,000.00",16.00,14.00,13.00,14.00,14.00,16.00,14.00,14.00,13.00,13.00,14.00,15.00
19409448,Vanderson - Brazilian,Tottenham - English Premier Division,D/WB/M (R),22," £81,500,000.00 ","£64,000.00",14.00,14.00,15.00,15.00,13.00,13.00,14.00,14.00,13.00,14.00,15.00,14.00
19186901,Otávio - Portuguese,Al-Nassr (KSA) - Saudi Professional League,M/AM (RLC),29," £71,500,000.00 ","£245,000.00",13.00,15.00,14.00,17.00,14.00,14.00,16.00,15.00,14.00,15.00,15.00,15.00
19302456,Douglas Luiz - Brazilian,Aston Villa - English Premier Division,"DM, M (C)",26," £77,500,000.00 ","£105,000.00",15.00,14.00,14.00,13.00,13.00,15.00,15.00,14.00,15.00,13.00,14.00,14.00
2000049413,Gavi - Spanish,Barcelona - Spanish First Division,"M (C), AM (LC)",19," £70,500,000.00 ","£135,000.00",15.00,16.00,16.00,16.00,14.00,14.00,15.00,16.00,15.00,14.00,17.00,15.00
43094553,Domenico Berardi - Italian,Sassuolo - Italian Serie A,AM (R),29," £68,500,000.00 ","£92,000.00",15.00,16.00,16.00,16.00,14.00,15.00,16.00,16.00,15.00,13.00,15.00,14.00
19371552,João Pedro - Brazilian,Brighton - English Premier Division,"AM (RLC), ST (C)",22," £77,000,000.00 ","£45,000.00",13.00,14.00,15.00,14.00,13.00,13.00,14.00,13.00,15.00,14.00,14.00,15.00
91182849,Lazar Samardžić - Serbian,Udinese - Italian Serie A,M/AM (C),22," £64,000,000.00 ","£8,500.00",13.00,17.00,15.00,13.00,13.00,14.00,16.00,16.00,16.00,16.00,15.00,16.00
14181375,Nicolás González - Argentinian,Fiorentina - Italian Serie A,"M (R), AM (RL), ST (C)",26," £64,000,000.00 ","£63,000.00",14.00,14.00,16.00,13.00,14.00,14.00,15.00,14.00,15.00,16.00,16.00,15.00
37071126,Tijjani Reijnders - Dutch,AC Milan - Italian Serie A,"DM, M/AM (C)",25," £70,500,000.00 ","£36,000.00",14.00,16.00,14.00,16.00,14.00,13.00,15.00,15.00,14.00,15.00,15.00,15.00
29193659,Jacob Ramsey - English,Aston Villa - English Premier Division,"M (C), AM (LC)",23," £63,000,000.00 ","£91,000.00",14.00,14.00,14.00,14.00,13.00,16.00,14.00,14.00,13.00,16.00,14.00,14.00
67178177,José Gayà - Spanish,Valencia - Spanish First Division,D/WB/M/AM (L),29," £61,500,000.00 ","£58,000.00",15.00,15.00,16.00,15.00,16.00,14.00,15.00,14.00,14.00,13.00,16.00,15.00
95079228,Alex Scott - English,Bournemouth - English Premier Division,"DM, M (C), AM (RC)",20," £66,500,000.00 ","£50,000.00",15.00,15.00,15.00,14.00,14.00,15.00,13.00,13.00,15.00,14.00,16.00,14.00
18110528,Charles De Ketelaere - Belgian,Atalanta - Italian Serie A,"AM (C), ST (C)",23," £66,500,000.00 ","£53,000.00",13.00,16.00,15.00,14.00,13.00,13.00,17.00,15.00,14.00,15.00,15.00,16.00
43390774,Samuele Ricci - Italian,Torino - Italian Serie A,"DM, M (C)",22," £53,000,000.00 ","£42,500.00",16.00,13.00,13.00,14.00,14.00,16.00,14.00,17.00,13.00,13.00,13.00,14.00
67220143,Mikel Oyarzábal - Spanish,Real San Sebastián - Spanish First Division,"AM (RLC), ST (C)",27," £57,500,000.00 ","£37,000.00",14.00,16.00,15.00,14.00,14.00,15.00,16.00,15.00,14.00,15.00,15.00,14.00
24048100,Dani Olmo - Spanish,RB Leipzig - Bundesliga,"M (C), AM (RLC)",26," £51,000,000.00 ","£190,000.00",16.00,17.00,15.00,16.00,14.00,16.00,17.00,16.00,17.00,17.00,16.00,17.00
67199158,Brais Méndez - Spanish,Real San Sebastián - Spanish First Division,"M (C), AM (RC)",27," £51,000,000.00 ","£52,000.00",15.00,15.00,15.00,16.00,15.00,16.00,15.00,15.00,14.00,13.00,15.00,16.00
2000125958,Pablo Barrios - Spanish,A. Madrid - Spanish First Division,"DM, M (C)",20," £62,500,000.00 ","£11,500.00",15.00,15.00,13.00,14.00,15.00,14.00,16.00,15.00,15.00,13.00,14.00,16.00
84152512,Fabian Rieder - Swiss,Rennes - Ligue 1 Uber Eats,M/AM (C),22," £61,500,000.00 ","£15,750.00",14.00,13.00,13.00,14.00,15.00,15.00,15.00,14.00,13.00,14.00,13.00,15.00
55083779,Diogo Jota - Portuguese,Liverpool - English Premier Division,"AM (RL), ST (C)",27," £55,000,000.00 ","£140,000.00",14.00,13.00,15.00,14.00,14.00,14.00,15.00,13.00,15.00,15.00,15.00,14.00
28067800,Jack Grealish - English,Man City - English Premier Division,M/AM (RLC),28," £57,000,000.00 ","£275,000.00",13.00,16.00,13.00,14.00,13.00,14.00,15.00,14.00,16.00,16.00,16.00,15.00
29156522,Ebere Eze - English,Crystal Palace - English Premier Division,"M (C), AM (LC)",25," £45,000,000.00 ","£71,000.00",13.00,15.00,14.00,14.00,14.00,16.00,16.00,16.00,17.00,17.00,16.00,15.00
49038952,Khephren Thuram - French,OGC Nice - Ligue 1 Uber Eats,"DM, M (C)",23," £55,500,000.00 ","£35,000.00",13.00,15.00,15.00,15.00,14.00,13.00,15.00,15.00,14.00,15.00,14.00,16.00
85142865,Ludovic Blas - French,Rennes - Ligue 1 Uber Eats,"M (C), AM (RC)",26," £48,500,000.00 ","£18,750.00",14.00,16.00,13.00,13.00,13.00,14.00,16.00,16.00,16.00,16.00,14.00,16.00
91193048,Florian Wirtz - German,Bayer 04 - Bundesliga,"M (C), AM (RLC)",21," £54,000,000.00 ","£75,000.00",13.00,16.00,13.00,13.00,13.00,15.00,17.00,16.00,17.00,16.00,16.00,16.00
83209468,Gonçalo Ramos - Portuguese,Paris SG - Ligue 1 Uber Eats,"AM (C), ST (C)",22," £53,500,000.00 ","£23,500.00",15.00,14.00,16.00,16.00,16.00,13.00,14.00,14.00,14.00,14.00,15.00,13.00
49060523,Farès Chaïbi - Algerian,Eintracht Frankfurt - Bundesliga,"M (C), AM (RLC)",21," £48,500,000.00 ","£29,500.00",13.00,14.00,13.00,13.00,14.00,13.00,15.00,15.00,15.00,13.00,14.00,14.00
29125842,Jarrod Bowen - English,West Ham - English Premier Division,"M (RL), AM (RLC)",27," £52,500,000.00 ","£125,000.00",14.00,13.00,16.00,15.00,14.00,15.00,14.00,13.00,14.00,14.00,16.00,15.00
67153376,Álex Grimaldo - Spanish,Bayer 04 - Bundesliga,D/WB/M (L),28," £52,500,000.00 ","£99,000.00",14.00,16.00,15.00,15.00,14.00,16.00,16.00,16.00,15.00,15.00,15.00,16.00
2000034344,Javi Guerra - Spanish,Valencia - Spanish First Division,"DM, M/AM (C)",21," £52,000,000.00 ","£18,500.00",13.00,15.00,13.00,15.00,15.00,15.00,16.00,15.00,14.00,14.00,14.00,16.00
2000020287,Andreas Schjelderup - Norwegian,FC Nordsjælland - 3F Superliga,"M/AM (L), ST (C)",20," £46,000,000.00 ","£18,500.00",15.00,16.00,15.00,13.00,13.00,15.00,15.00,14.00,15.00,16.00,15.00,16.00
14048343,Rodrigo De Paul - Argentinian,A. Madrid - Spanish First Division,M/AM (RC),30," £45,000,000.00 ","£96,000.00",15.00,15.00,13.00,15.00,14.00,14.00,15.00,15.00,15.00,15.00,14.00,15.00
48042204,Martin Terrier - French,Rennes - Ligue 1 Uber Eats,"AM (RLC), ST (C)",27," £49,000,000.00 ","£51,000.00",13.00,13.00,13.00,14.00,13.00,13.00,16.00,13.00,16.00,13.00,13.00,16.00
48044576,Boubakary Soumaré - French,Sevilla - Spanish First Division,"DM, M (C)",25," £48,000,000.00 ","£55,000.00",14.00,15.00,14.00,14.00,14.00,14.00,14.00,15.00,14.00,14.00,13.00,14.00
48044735,Amine Gouiri - Algerian,Rennes - Ligue 1 Uber Eats,"AM (L), ST (C)",24," £41,500,000.00 ","£49,500.00",14.00,14.00,15.00,15.00,13.00,14.00,15.00,13.00,16.00,15.00,14.00,15.00
83188780,Matheus Nunes - Portuguese,Man City - English Premier Division,"DM, M (C), AM (RC)",25," £45,500,000.00 ","£130,000.00",13.00,14.00,14.00,16.00,13.00,13.00,15.00,13.00,15.00,15.00,13.00,14.00
28106684,Joe Willock - English,Newcastle - English Premier Division,"DM, M (C), AM (R)",24," £36,000,000.00 ","£80,000.00",14.00,15.00,16.00,16.00,13.00,14.00,14.00,15.00,15.00,14.00,17.00,14.00
2000179712,Warren Zaïre-Emery - French,Paris SG - Ligue 1 Uber Eats,"DM, M (C)",18," £42,500,000.00 ","£105,000.00",14.00,14.00,14.00,15.00,14.00,14.00,14.00,14.00,13.00,13.00,14.00,15.00
29175220,Morgan Gibbs-White - English,Nottm Forest - English Premier Division,"M (C), AM (RC)",24," £39,000,000.00 ","£50,000.00",14.00,15.00,15.00,13.00,15.00,13.00,16.00,16.00,16.00,14.00,16.00,15.00
67196204,Carlos Soler - Spanish,Paris SG - Ligue 1 Uber Eats,"DM, M/AM (RC)",27," £38,000,000.00 ","£69,000.00",13.00,14.00,13.00,14.00,14.00,13.00,15.00,15.00,14.00,14.00,14.00,15.00
28110488,Dwight McNeil - English,Everton - English Premier Division,"M/AM (RL), ST (C)",24," £37,500,000.00 ","£75,000.00",13.00,13.00,13.00,15.00,13.00,14.00,15.00,14.00,14.00,13.00,14.00,14.00
43317933,Hamed Traorè - Ivorian,Bournemouth - English Premier Division,"M (C), AM (LC)",24," £29,000,000.00 ","£50,000.00",13.00,14.00,15.00,14.00,13.00,13.00,15.00,14.00,16.00,15.00,16.00,16.00
28106342,Kiernan Dewsbury-Hall - English,Leicester - Sky Bet Championship,"DM, M/AM (C)",25," £34,000,000.00 ","£79,000.00",13.00,15.00,15.00,15.00,13.00,13.00,13.00,16.00,13.00,13.00,16.00,14.00
30035404,Gabriel Barbosa - Brazilian,FLA - Brazilian National First Division,"AM (R), ST (C)",27," £28,000,000.00 ","£65,000.00",16.00,16.00,17.00,14.00,13.00,16.00,14.00,15.00,14.00,15.00,14.00,15.00
43155796,Matteo Pessina - Italian,Brianza - Italian Serie A,"DM, M/AM (C)",27," £34,000,000.00 ","£66,000.00",15.00,14.00,16.00,15.00,13.00,14.00,14.00,15.00,14.00,14.00,13.00,14.00
27088231,Mathias Jensen - Danish,Brentford - English Premier Division,M (C),28," £30,000,000.00 ","£40,000.00",14.00,16.00,13.00,14.00,14.00,14.00,14.00,15.00,14.00,13.00,13.00,14.00
2000182795,Archie Gray - English,Leeds - Sky Bet Championship,"DM, M (C)",18," £30,000,000.00 ","£12,750.00",14.00,15.00,13.00,14.00,13.00,14.00,14.00,15.00,13.00,14.00,13.00,14.00
45104608,Takefusa Kubo - Japanese,Real San Sebastián - Spanish First Division,"M/AM (RC), ST (C)",23," £31,500,000.00 ","£36,000.00",15.00,16.00,14.00,15.00,16.00,14.00,16.00,15.00,15.00,15.00,14.00,16.00
43372948,Nicolò Fagioli - Italian,Juventus - Italian Serie A,"DM, M/AM (C)",23," £30,000,000.00 ","£30,500.00",14.00,14.00,15.00,14.00,13.00,13.00,16.00,15.00,15.00,14.00,16.00,15.00
23127918,Mehdi Taremi - Iranian,FC Porto - Portuguese Premier League,"AM (C), ST (C)",31," £29,000,000.00 ","£38,500.00",16.00,16.00,16.00,16.00,16.00,15.00,16.00,15.00,15.00,15.00,14.00,15.00
28106685,Josh Dasilva - Angolan,Brentford - English Premier Division,"DM, M (C)",25," £26,500,000.00 ","£29,500.00",14.00,14.00,13.00,14.00,13.00,14.00,14.00,14.00,14.00,14.00,13.00,13.00
19258927,Caio Henrique - Brazilian,AS Monaco - Ligue 1 Uber Eats,D/WB/M (L),26," £26,500,000.00 ","£57,000.00",14.00,14.00,14.00,13.00,13.00,13.00,14.00,14.00,14.00,14.00,14.00,14.00
28084930,Alex Iwobi - Nigerian,Fulham - English Premier Division,"DM, M/AM (C)",28," £28,500,000.00 ","£80,000.00",13.00,13.00,14.00,15.00,15.00,13.00,14.00,13.00,15.00,16.00,13.00,13.00
36096824,Kostas Tsimikas - Greek,Liverpool - English Premier Division,D/WB (L),28," £28,000,000.00 ","£80,000.00",14.00,14.00,14.00,15.00,14.00,15.00,15.00,15.00,13.00,15.00,14.00,15.00
14108651,Giovani Lo Celso - Argentinian,Tottenham - English Premier Division,"DM, M (LC), AM (C)",28," £25,000,000.00 ","£100,000.00",13.00,14.00,14.00,16.00,14.00,15.00,16.00,16.00,15.00,16.00,14.00,15.00
67190888,Aleix García - Spanish,Girona - Spanish First Division,"DM, M (C)",26," £26,500,000.00 ","£18,750.00",13.00,15.00,13.00,16.00,14.00,16.00,14.00,15.00,14.00,13.00,13.00,14.00
83111338,Gedson Fernandes - Portuguese,Beşiktaş - Turkish Super League,"DM, M (C)",25," £26,500,000.00 ","£35,000.00",14.00,14.00,15.00,17.00,13.00,14.00,14.00,14.00,16.00,16.00,14.00,14.00
43591641,Tommaso Baldanzi - Italian,Empoli - Italian Serie A,M/AM (C),21," £23,000,000.00 ","£9,250.00",14.00,16.00,16.00,13.00,15.00,14.00,15.00,14.00,14.00,15.00,16.00,14.00
28109942,Will Smallbone - Irish,Southampton - Sky Bet Championship,"DM, M (C)",24," £23,250,000.00 ","£24,000.00",14.00,16.00,13.00,14.00,13.00,14.00,14.00,14.00,13.00,13.00,13.00,14.00
53143395,Jørgen Strand Larsen - Norwegian,Vigo - Spanish First Division,ST (C),24," £20,750,000.00 ","£17,500.00",15.00,13.00,15.00,13.00,13.00,13.00,15.00,13.00,14.00,13.00,15.00,14.00
67260204,Oihan Sancet - Spanish,A. Bilbao - Spanish First Division,M/AM (C),24," £22,500,000.00 ","£27,500.00",14.00,15.00,15.00,14.00,15.00,13.00,15.00,16.00,16.00,13.00,14.00,15.00
85046988,Morgan Sanson - French,OGC Nice - Ligue 1 Uber Eats,"DM, M/AM (C)",29," £22,000,000.00 ","£60,000.00",14.00,15.00,13.00,16.00,13.00,15.00,14.00,15.00,14.00,14.00,14.00,15.00
28046572,Alex Oxlade-Chamberlain - English,Beşiktaş - Turkish Super League,"M (C), AM (RL)",30," £21,750,000.00 ","£62,000.00",13.00,14.00,15.00,16.00,13.00,14.00,15.00,16.00,16.00,15.00,14.00,15.00
19290889,Gabriel Sara - Brazilian,Norwich - Sky Bet Championship,"DM, M/AM (C)",24," £19,250,000.00 ","£30,000.00",13.00,15.00,13.00,14.00,14.00,14.00,14.00,16.00,13.00,14.00,13.00,14.00
43316850,Giacomo Raspadori - Italian,Parthenope - Italian Serie A,"AM (RLC), ST (C)",24," £21,500,000.00 ","£76,000.00",14.00,13.00,16.00,14.00,13.00,14.00,15.00,13.00,16.00,13.00,16.00,15.00
85117078,Benjamin Bourigeaud - French,Nottm Forest - English Premier Division,"M (RC), AM (R)",30," £17,000,000.00 ","£34,500.00",13.00,15.00,13.00,15.00,13.00,13.00,13.00,15.00,13.00,14.00,13.00,15.00
19326796,Ederson - Brazilian,Atalanta - Italian Serie A,"DM, M/AM (C)",24," £20,000,000.00 ","£63,000.00",15.00,14.00,14.00,15.00,14.00,13.00,15.00,14.00,15.00,14.00,14.00,14.00
58092242,Alexey Miranchuk - Russian,AS Monaco - Ligue 1 Uber Eats,"M/AM (RC), ST (C)",28," £16,500,000.00 ","£30,000.00",15.00,14.00,14.00,13.00,15.00,14.00,16.00,15.00,16.00,14.00,14.00,15.00
91003875,İlkay Gündoğan - German,Barcelona - Spanish First Division,"DM, M/AM (C)",33," £15,000,000.00 ","£150,000.00",17.00,16.00,16.00,16.00,14.00,16.00,16.00,16.00,13.00,13.00,15.00,17.00
19351927,João Lucas - Brazilian,SPO - Brazilian National First Division,D/WB (R),26," £14,250,000.00 ","£14,750.00",13.00,14.00,14.00,14.00,13.00,13.00,13.00,14.00,13.00,14.00,14.00,14.00
14241925,Cristian Medina - Argentinian,Boca - Argentine Premier Division,"M (RC), AM (C)",22," £13,250,000.00 ","£7,000.00",14.00,16.00,15.00,14.00,14.00,14.00,13.00,14.00,13.00,13.00,15.00,13.00
84153469,Darian Maleš - Swiss,Young Boys - Swiss Super League,"AM (RC), ST (C)",23," £13,000,000.00 ","£11,500.00",15.00,15.00,14.00,13.00,13.00,14.00,14.00,13.00,13.00,14.00,13.00,14.00
19186267,Victor Sá - Brazilian,BOT - Brazilian National First Division,"M (L), AM (RL)",30," £12,250,000.00 ","£13,000.00",13.00,14.00,15.00,14.00,13.00,13.00,13.00,14.00,14.00,13.00,14.00,13.00
16199711,Amadou Haïdara - Malian,RB Leipzig - Bundesliga,"DM, M (C)",26," £11,750,000.00 ","£58,000.00",14.00,13.00,15.00,16.00,13.00,13.00,15.00,14.00,14.00,13.00,14.00,14.00
67202350,Dani Ceballos - Spanish,R. Madrid - Spanish First Division,M (C),27," £10,500,000.00 ","£170,000.00",14.00,16.00,14.00,15.00,14.00,13.00,16.00,17.00,14.00,16.00,15.00,16.00
43093382,Matteo Politano - Italian,Parthenope - Italian Serie A,"M (R), AM (RL), ST (C)",30," £11,800,000.00 ","£67,000.00",14.00,13.00,16.00,14.00,14.00,15.00,14.00,14.00,14.00,14.00,15.00,15.00
47064795,Eljif Elmas - Macedonian,Parthenope - Italian Serie A,M/AM (LC),24," £10,800,000.00 ","£46,000.00",13.00,13.00,15.00,14.00,13.00,15.00,15.00,16.00,14.00,15.00,14.00,15.00
19380037,Lucas Piton - Italian,VDG - Brazilian National First Division,D/WB/M (L),23," £10,550,000.00 ","£16,500.00",13.00,14.00,14.00,13.00,13.00,13.00,14.00,13.00,13.00,14.00,15.00,13.00
36138739,Fotis Ioannidis - Greek,Panathinaikos - Greek Super League 1,ST (C),24," £10,700,000.00 ","£6,000.00",13.00,13.00,13.00,13.00,14.00,13.00,15.00,13.00,13.00,14.00,13.00,13.00
85140676,Naby Keïta - Guinean,SV Werder - Bundesliga,"DM, M/AM (C)",29," £11,250,000.00 ","£41,000.00",14.00,15.00,13.00,14.00,13.00,15.00,16.00,16.00,15.00,15.00,15.00,15.00
48037391,Matteo Guendouzi - French,Lazio - Italian Serie A,"DM, M/AM (C)",25," £9,900,000.00 ","£43,000.00",14.00,15.00,14.00,15.00,13.00,13.00,16.00,15.00,14.00,14.00,15.00,15.00
14187955,Matías Zaracho - Argentinian,ATM - Brazilian National First Division,M/AM (RC),26," £8,800,000.00 ","£39,000.00",16.00,15.00,16.00,14.00,15.00,16.00,15.00,14.00,17.00,14.00,15.00,13.00
49040114,Enzo Le Fée - French,Rennes - Ligue 1 Uber Eats,"DM, M/AM (C)",24," £10,800,000.00 ","£21,500.00",13.00,15.00,13.00,15.00,14.00,13.00,15.00,15.00,15.00,14.00,15.00,15.00
76053760,Jhon Arias - Colombian,FLU - Brazilian National First Division,"AM (RLC), ST (C)",26," £10,700,000.00 ","£21,000.00",13.00,13.00,14.00,13.00,14.00,13.00,14.00,13.00,14.00,14.00,13.00,13.00
67103536,Juan Bernat - Spanish,Benfica - Portuguese Premier League,D/WB/M/AM (L),31," £10,450,000.00 ","£140,000.00",14.00,13.00,15.00,15.00,13.00,15.00,15.00,14.00,13.00,15.00,16.00,14.00
98038311,Nedim Bajrami - Albanian,Sassuolo - Italian Serie A,M/AM (C),25," £8,400,000.00 ","£25,500.00",13.00,14.00,14.00,14.00,13.00,14.00,15.00,15.00,14.00,13.00,13.00,14.00
85074537,Arthur Masuaku - DR Congolese,Beşiktaş - Turkish Super League,D/WB (L),30," £9,000,000.00 ","£41,000.00",13.00,13.00,14.00,14.00,14.00,15.00,15.00,15.00,15.00,16.00,14.00,14.00
67045428,Pablo Sarabia - Spanish,Wolves - English Premier Division,M/AM (RLC),32," £10,000,000.00 ","£110,000.00",13.00,16.00,15.00,15.00,14.00,14.00,17.00,15.00,15.00,15.00,15.00,17.00
51055617,Carlos Rodríguez - Mexican,Cruz Azul - Mexican First Division,M/AM (C),27," £8,500,000.00 ","£17,000.00",13.00,15.00,14.00,14.00,15.00,15.00,15.00,14.00,13.00,13.00,15.00,15.00
2000088490,Roony Bardghji - Swedish,FC København - 3F Superliga,M/AM (R),18," £9,450,000.00 ","£20,000.00",14.00,14.00,14.00,13.00,13.00,14.00,16.00,15.00,16.00,16.00,16.00,15.00
53146811,Hugo Vetlesen - Norwegian,Club Brugge - Jupiler Pro League,M/AM (C),24," £7,900,000.00 ","£20,000.00",14.00,13.00,14.00,15.00,13.00,15.00,13.00,13.00,14.00,14.00,14.00,13.00
19260884,Allan - Brazilian,FLA - Brazilian National First Division,"DM, M (C)",27," £8,300,000.00 ","£9,250.00",13.00,16.00,15.00,14.00,13.00,15.00,15.00,16.00,13.00,13.00,13.00,13.00
83335576,Pedro Malheiro - Portuguese,BVT - Portuguese Premier League,D/WB/AM (R),23," £7,200,000.00 ","£10,750.00",14.00,14.00,16.00,13.00,14.00,13.00,14.00,13.00,14.00,15.00,14.00,14.00
168335,Tonny Vilhena - Dutch,Panathinaikos - Greek Super League 1,"DM, M (C)",29," £6,600,000.00 ","£30,500.00",14.00,14.00,13.00,13.00,13.00,13.00,15.00,14.00,14.00,14.00,13.00,14.00
19263862,Matheus Henrique - Brazilian,Sassuolo - Italian Serie A,"DM, M (C)",26," £6,800,000.00 ","£9,500.00",14.00,14.00,14.00,15.00,14.00,14.00,15.00,14.00,13.00,15.00,15.00,15.00
14111499,Emanuel Reynoso - Argentinian,Minnesota - Major League Soccer,"M (LC), AM (C), ST (C)",28," £4,850,000.00 ","£45,500.00",14.00,15.00,14.00,13.00,13.00,13.00,17.00,16.00,14.00,15.00,15.00,15.00
67213140,Kike - Spanish,Vallecano - Spanish First Division,"DM, M/AM (C)",27," £4,300,000.00 ","£9,750.00",14.00,14.00,13.00,13.00,13.00,13.00,14.00,15.00,13.00,13.00,13.00,14.00
19068857,Roberto Firmino - Brazilian,Al-Ahli (KSA) - Saudi Professional League,"AM (RC), ST (C)",32," £3,300,000.00 ","£325,000.00",15.00,15.00,14.00,18.00,13.00,16.00,17.00,13.00,16.00,13.00,13.00,17.00
27010681,Rasmus Falk - Danish,FC København - 3F Superliga,"DM, M/AM (C)",32," £3,400,000.00 ","£21,000.00",15.00,14.00,14.00,15.00,14.00,15.00,16.00,15.00,15.00,14.00,14.00,16.00
70085757,Emre Akbaba - Turkish,Adana D.S. - Turkish Super League,"DM, M/AM (C)",31," £3,350,000.00 ","£9,250.00",13.00,15.00,14.00,14.00,13.00,14.00,16.00,15.00,15.00,13.00,13.00,14.00
75030974,Diego Valdés - Chilean,América - Mexican First Division,AM (C),30," £5,125,000.00 ","£14,750.00",13.00,15.00,14.00,14.00,14.00,14.00,15.00,15.00,13.00,13.00,14.00,13.00
653054,Luka Modrić - Croatian,R. Madrid - Spanish First Division,"DM, M/AM (C)",38," £4,850,000.00 ","£210,000.00",16.00,19.00,15.00,17.00,18.00,18.00,18.00,18.00,13.00,14.00,13.00,20.00
67142545,Manu Trigueros - Spanish,Villarreal - Spanish First Division,M (C),32," £700,000.00 ","£20,000.00",14.00,15.00,14.00,14.00,15.00,16.00,16.00,16.00,13.00,14.00,14.00,16.00
53052272,Elba Rashani - Kosovan,Adana D.S. - Turkish Super League,"M (RL), AM (RLC)",31," £2,975,000.00 ","£6,750.00",13.00,13.00,14.00,13.00,14.00,13.00,14.00,13.00,16.00,13.00,14.00,14.00
19120961,Thiago Galhardo - Brazilian,FOR - Brazilian National First Division,"M/AM (C), ST (C)",34," £875,000.00 ","£11,000.00",14.00,13.00,13.00,14.00,14.00,14.00,14.00,14.00,13.00,13.00,13.00,14.00
67228932,Kirian - Spanish,Las Palmas - Spanish First Division,M/AM (C),28," £4,250,000.00 ","£3,900.00",13.00,15.00,13.00,13.00,13.00,13.00,15.00,15.00,14.00,15.00,14.00,15.00
14201370,Aarón Molinas - Argentinian,Boca - Argentine Premier Division,"M (RC), AM (C)",23," £2,087,500.00 ","£4,200.00",14.00,16.00,14.00,14.00,13.00,13.00,15.00,15.00,15.00,14.00,14.00,14.00
14141967,Matías Vargas - Argentinian,SH Port - Chinese Super League,"M (L), AM (RLC)",27," £1,875,000.00 ","£42,500.00",13.00,16.00,14.00,13.00,13.00,14.00,16.00,14.00,15.00,15.00,15.00,14.00
34007438,Serdar Gürler - Turkish,Başakşehir FK - Turkish Super League,"M (R), AM (RL)",32," £1,425,000.00 ","£10,750.00",13.00,13.00,15.00,13.00,14.00,13.00,15.00,13.00,13.00,14.00,14.00,13.00
70103149,Yusuf Yazıcı - Turkish,LOSC - Ligue 1 Uber Eats,"M (C), AM (RC)",27," £180,000.00 ","£19,750.00",13.00,16.00,13.00,15.00,13.00,15.00,16.00,15.00,18.00,16.00,13.00,18.00
67053759,Fidel Chaves - Spanish,Elche - Spanish Second Division,"M (L), AM (LC)",34," £550,000.00 ","£10,250.00",13.00,16.00,14.00,13.00,13.00,13.00,17.00,15.00,14.00,14.00,13.00,14.00
14031117,Ignacio Fernández - Argentinian,River - Argentine Premier Division,"M (LC), AM (C)",34," £65,000.00 ","£27,500.00",13.00,15.00,16.00,14.00,13.00,13.00,15.00,15.00,13.00,14.00,13.00,16.00
14079978,Marcos Astina - Argentinian,Villa Mitre - Argentine Torneo Federal A,"AM (C), ST (C)",28," £192,500.00 ",£975.00,13.00,14.00,14.00,14.00,13.00,13.00,14.00,13.00,14.00,14.00,13.00,14.00
39046379,Arnór Sigurðsson - Icelandic,Blackburn - Sky Bet Championship,"M (C), AM (RLC)",25," £138,000.00 ","£15,000.00",13.00,13.00,14.00,13.00,13.00,14.00,14.00,13.00,15.00,14.00,14.00,14.00
14021900,Roberto Pereyra - Argentinian,Udinese - Italian Serie A,"WB (R), M (RC), AM (C)",33," £137,000.00 ","£17,000.00",14.00,15.00,14.00,15.00,13.00,14.00,15.00,15.00,14.00,14.00,13.00,14.00
43070623,Grégoire Defrel - French,OL - Ligue 1 Uber Eats,"AM (C), ST (C)",32," £8,000.00 ","£26,000.00",14.00,13.00,16.00,16.00,13.00,13.00,14.00,13.00,15.00,14.00,13.00,14.00
91013383,Marco Reus - German,Borussia Dortmund - Bundesliga,"M (C), AM (RLC)",35," £38,500.00 ","£115,000.00",16.00,15.00,16.00,15.00,13.00,16.00,16.00,15.00,15.00,13.00,13.00,16.00
14026308,Fernando Elizari - Argentinian,Defensor Sporting - Uruguayan First Division,M/AM (C),33," £32,500.00 ","£1,800.00",13.00,15.00,14.00,14.00,13.00,13.00,14.00,14.00,14.00,15.00,13.00,16.00
43109319,Stefano Sensi - Italian,-,"DM, M/AM (C)",28, £-   ,-,14.00,15.00,13.00,16.00,14.00,15.00,16.00,16.00,16.00,13.00,15.00,16.00
19058671,Dudu - Brazilian,SEP - Brazilian National First Division,AM (RL),32," £1,000,000,000.00 ","£81,000.00",13.00,15.00,15.00,13.00,13.00,13.00,16.00,15.00,15.00,14.00,15.00,14.00
85078058,Riyad Mahrez - Algerian,Al-Ahli (KSA) - Saudi Professional League,"M (R), AM (RLC)",33," £1,000,000,000.00 ","£275,000.00",13.00,17.00,15.00,13.00,14.00,16.00,19.00,16.00,17.00,16.00,16.00,20.00
67053076,Sergio Canales - Spanish,Monterrey - Mexican First Division,M/AM (C),33," £1,000,000,000.00 ","£82,000.00",16.00,17.00,16.00,15.00,15.00,13.00,17.00,17.00,16.00,16.00,14.00,17.00
85010867,Valentin Eysseric - French,Fatih Karagümrük - Turkish Super League,M (C),32," £1,000,000,000.00 ","£5,750.00",13.00,13.00,13.00,13.00,13.00,13.00,15.00,15.00,15.00,14.00,13.00,14.00
67022040,Thiago - Spanish,Liverpool - English Premier Division,"DM, M (C)",33," £1,000,000,000.00 ","£190,000.00",16.00,18.00,15.00,15.00,15.00,17.00,18.00,17.00,17.00,15.00,16.00,18.00
55041632,Bernardo Silva - Portuguese,Man City - English Premier Division,M/AM (RC),29," £1,000,000,000.00 ","£250,000.00",16.00,17.00,17.00,17.00,15.00,16.00,18.00,18.00,17.00,16.00,19.00,17.00
29179241,Erling Haaland - Norwegian,Man City - English Premier Division,ST (C),23," £1,000,000,000.00 ","£475,000.00",19.00,15.00,18.00,14.00,16.00,19.00,15.00,13.00,16.00,14.00,17.00,16.00
66032157,Lee Jae-Sung - South Korean,Mainz 05 - Bundesliga,M/AM (C),31," £1,000,000,000.00 ","£30,500.00",13.00,13.00,14.00,16.00,13.00,13.00,14.00,13.00,13.00,13.00,14.00,14.00
43026579,Marco Verratti - Italian,Al-Arabi - Qatar Stars League,"DM, M (C)",31," £1,000,000,000.00 ","£135,000.00",17.00,17.00,14.00,17.00,16.00,18.00,17.00,18.00,18.00,16.00,14.00,18.00
19297055,Bruno Guimarães - Brazilian,Newcastle - English Premier Division,"DM, M (C)",26," £1,000,000,000.00 ","£180,000.00",16.00,17.00,14.00,15.00,15.00,18.00,18.00,18.00,14.00,16.00,13.00,18.00
98028755,Mohamed Salah - Egyptian,Liverpool - English Premier Division,"AM (RL), ST (C)",31," £1,000,000,000.00 ","£350,000.00",15.00,17.00,17.00,16.00,15.00,15.00,17.00,15.00,15.00,16.00,16.00,17.00
67140148,Alejandro Pozuelo - Spanish,Al-Jazira (UAE) - UAE Professional League,M/AM (C),32," £1,000,000,000.00 ","£25,500.00",13.00,15.00,14.00,13.00,14.00,14.00,15.00,16.00,16.00,14.00,13.00,14.00
76049803,Luis Díaz - Colombian,Liverpool - English Premier Division,AM (RL),27," £1,000,000,000.00 ","£235,000.00",13.00,14.00,15.00,13.00,13.00,14.00,18.00,14.00,19.00,17.00,17.00,18.00
37001809,Jordy Clasie - Dutch,AZ - Eredivisie,"D (C), DM, M (C)",32," £1,000,000,000.00 ","£9,250.00",14.00,16.00,13.00,15.00,15.00,14.00,14.00,15.00,14.00,13.00,13.00,14.00
7458500,Lionel Messi - Argentinian,Inter Miami - Major League Soccer,"M (C), AM (RC), ST (C)",36," £1,000,000,000.00 ","£325,000.00",16.00,20.00,14.00,13.00,17.00,16.00,19.00,18.00,20.00,18.00,14.00,18.00
76015366,Juan Fernando Quintero - Colombian,Racing Club - Argentine Premier Division,M/AM (RC),31," £1,000,000,000.00 ","£18,000.00",13.00,18.00,14.00,14.00,13.00,13.00,17.00,16.00,18.00,13.00,13.00,16.00
43038913,Daniel Bessa - Italian,Ittihad Kalba - UAE Professional League,M/AM (C),31," £1,000,000,000.00 ","£13,250.00",13.00,14.00,13.00,13.00,13.00,14.00,15.00,14.00,15.00,14.00,15.00,15.00
,,,,,,,,,,,,,,,,,,
,,,,,,,,,,,,,,,,,,
,,,,,,,,,,,,,,,,,,
,,,,,,,,,,,,,,,,,,
,,,,,,,,,,,,,,,,,,
,,,,,,,,,,,,,,,,,,
,,,,,,,,,,,,,,,,,,
,,,,,,,,,,,,,,,,,,
,,,,,,,,,,,,,,,,,,
,,,,,,,,,,,,,,,,,,
,,,,,,,,,,,,,,,,,,
,,,,,,,,,,,,,,,,,,
,,,,,,,,,,,,,,,,,,
,,,,,,,,,,,,,,,,,,
,,,,,,,,,,,,,,,,,,
,,,,,,,,,,,,,,,,,,
,,,,,,,,,,,,,,,,,,
,,,,,,,,,,,,,,,,,,
,,,,,,,,,,,,,,,,,,
,,,,,,,,,,,,,,,,,,
,,,,,,,,,,,,,,,,,,
,,,,,,,,,,,,,,,,,,
,,,,,,,,,,,,,,,,,,
,,,,,,,,,,,,,,,,,,
,,,,,,,,,,,,,,,,,,
,,,,,,,,,,,,,,,,,,
,,,,,,,,,,,,,,,,,,
,,,,,,,,,,,,,,,,,,
,,,,,,,,,,,,,,,,,,
,,,,,,,,,,,,,,,,,,
,,,,,,,,,,,,,,,,,,
,,,,,,,,,,,,,,,,,,
,,,,,,,,,,,,,,,,,,
,,,,,,,,,,,,,,,,,,
,,,,,,,,,,,,,,,,,,
,,,,,,,,,,,,,,,,,,
,,,,,,,,,,,,,,,,,,
,,,,,,,,,,,,,,,,,,
,,,,,,,,,,,,,,,,,,
,,,,,,,,,,,,,,,,,,
,,,,,,,,,,,,,,,,,,
,,,,,,,,,,,,,,,,,,
,,,,,,,,,,,,,,,,,,
,,,,,,,,,,,,,,,,,,
,,,,,,,,,,,,,,,,,,
,,,,,,,,,,,,,,,,,,
,,,,,,,,,,,,,,,,,,
,,,,,,,,,,,,,,,,,,
,,,,,,,,,,,,,,,,,,
,,,,,,,,,,,,,,,,,,
,,,,,,,,,,,,,,,,,,
,,,,,,,,,,,,,,,,,,
,,,,,,,,,,,,,,,,,,
,,,,,,,,,,,,,,,,,,
,,,,,,,,,,,,,,,,,,
,,,,,,,,,,,,,,,,,,
,,,,,,,,,,,,,,,,,,
,,,,,,,,,,,,,,,,,,
,,,,,,,,,,,,,,,,,,
,,,,,,,,,,,,,,,,,,
,,,,,,,,,,,,,,,,,,
,,,,,,,,,,,,,,,,,,
,,,,,,,,,,,,,,,,,,
,,,,,,,,,,,,,,,,,,
,,,,,,,,,,,,,,,,,,
,,,,,,,,,,,,,,,,,,
,,,,,,,,,,,,,,,,,,
,,,,,,,,,,,,,,,,,,
,,,,,,,,,,,,,,,,,,
,,,,,,,,,,,,,,,,,,
,,,,,,,,,,,,,,,,,,
,,,,,,,,,,,,,,,,,,
,,,,,,,,,,,,,,,,,,
,,,,,,,,,,,,,,,,,,
,,,,,,,,,,,,,,,,,,
,,,,,,,,,,,,,,,,,,
,,,,,,,,,,,,,,,,,,
,,,,,,,,,,,,,,,,,,
,,,,,,,,,,,,,,,,,,
,,,,,,,,,,,,,,,,,,
,,,,,,,,,,,,,,,,,,
,,,,,,,,,,,,,,,,,,
,,,,,,,,,,,,,,,,,,
,,,,,,,,,,,,,,,,,,
,,,,,,,,,,,,,,,,,,
,,,,,,,,,,,,,,,,,,
,,,,,,,,,,,,,,,,,,
,,,,,,,,,,,,,,,,,,
,,,,,,,,,,,,,,,,,,
,,,,,,,,,,,,,,,,,,
,,,,,,,,,,,,,,,,,,
,,,,,,,,,,,,,,,,,,
,,,,,,,,,,,,,,,,,,
,,,,,,,,,,,,,,,,,,
,,,,,,,,,,,,,,,,,,
,,,,,,,,,,,,,,,,,,
,,,,,,,,,,,,,,,,,,
,,,,,,,,,,,,,,,,,,
,,,,,,,,,,,,,,,,,,
,,,,,,,,,,,,,,,,,,
,,,,,,,,,,,,,,,,,,
,,,,,,,,,,,,,,,,,,
,,,,,,,,,,,,,,,,,,
,,,,,,,,,,,,,,,,,,
,,,,,,,,,,,,,,,,,,
,,,,,,,,,,,,,,,,,,
,,,,,,,,,,,,,,,,,,
,,,,,,,,,,,,,,,,,,
,,,,,,,,,,,,,,,,,,
,,,,,,,,,,,,,,,,,,
,,,,,,,,,,,,,,,,,,
,,,,,,,,,,,,,,,,,,
,,,,,,,,,,,,,,,,,,
,,,,,,,,,,,,,,,,,,
,,,,,,,,,,,,,,,,,,
,,,,,,,,,,,,,,,,,,
,,,,,,,,,,,,,,,,,,
,,,,,,,,,,,,,,,,,,
,,,,,,,,,,,,,,,,,,
,,,,,,,,,,,,,,,,,,
,,,,,,,,,,,,,,,,,,
,,,,,,,,,,,,,,,,,,
,,,,,,,,,,,,,,,,,,
,,,,,,,,,,,,,,,,,,
,,,,,,,,,,,,,,,,,,
,,,,,,,,,,,,,,,,,,
,,,,,,,,,,,,,,,,,,
,,,,,,,,,,,,,,,,,,
,,,,,,,,,,,,,,,,,,
,,,,,,,,,,,,,,,,,,
,,,,,,,,,,,,,,,,,,
,,,,,,,,,,,,,,,,,,
,,,,,,,,,,,,,,,,,,
,,,,,,,,,,,,,,,,,,
,,,,,,,,,,,,,,,,,,
,,,,,,,,,,,,,,,,,,
,,,,,,,,,,,,,,,,,,
,,,,,,,,,,,,,,,,,,
,,,,,,,,,,,,,,,,,,
,,,,,,,,,,,,,,,,,,
,,,,,,,,,,,,,,,,,,
,,,,,,,,,,,,,,,,,,
,,,,,,,,,,,,,,,,,,
,,,,,,,,,,,,,,,,,,