UID,Name,Club,Position,Age,New Transfer Value ,Salary,Off The Ball,Stamina,Balance,Workrate,Composure,Technique,Passing,Dribbling,Finishing,Pace,Acceleration,Crossing,Agility,First Touch
28054109,Raheem Sterling - English,Chelsea - English Premier Division,M/AM (RL),29,"£289,500,000.00","£350,000.00",20.00,18.00,14.00,15.00,12.00,13.00,13.00,15.00,13.00,15.00,17.00,13.00,18.00,13.00
28108494,Phil Foden - English,Man City - English Premier Division,"M (C), AM (RLC)",24,"£255,000,000.00","£205,000.00",16.00,15.00,15.00,16.00,15.00,17.00,17.00,17.00,14.00,16.00,16.00,13.00,17.00,17.00
29232937,Jude Bellingham - English,R. Madrid - Spanish First Division,"DM, M/AM (C)",20,"£227,500,000.00","£350,000.00",17.00,16.00,15.00,18.00,17.00,17.00,16.00,17.00,14.00,15.00,16.00,12.00,16.00,16.00
67197125,Marco Asensio - Spanish,Paris SG - Ligue 1 Uber Eats,AM (RLC),28,"£212,500,000.00","£115,000.00",13.00,14.00,13.00,14.00,14.00,17.00,16.00,16.00,15.00,15.00,15.00,15.00,15.00,17.00
78090138,Darwin Núñez - Uruguayan,Liverpool - English Premier Division,"AM (RL), ST (C)",24,"£226,500,000.00","£250,000.00",18.00,15.00,12.00,16.00,12.00,14.00,12.00,14.00,15.00,17.00,17.00,13.00,14.00,12.00
19302146,Vinícius Júnior - Brazilian,R. Madrid - Spanish First Division,"M (L), AM (RL)",23,"£219,000,000.00","£350,000.00",17.00,16.00,16.00,14.00,15.00,15.00,15.00,19.00,16.00,18.00,19.00,13.00,16.00,14.00
18004457,Kevin De Bruyne - Belgian,Man City - English Premier Division,"M (RLC), AM (C)",32,"£194,000,000.00","£350,000.00",15.00,15.00,14.00,15.00,14.00,18.00,18.00,16.00,16.00,14.00,16.00,19.00,13.00,16.00
19338230,Antony - Brazilian,Man UFC - English Premier Division,M/AM (R),24,"£198,000,000.00","£150,000.00",14.00,17.00,14.00,17.00,13.00,16.00,14.00,16.00,12.00,15.00,13.00,14.00,17.00,16.00
85140301,Christopher Nkunku - French,Chelsea - English Premier Division,"M (C), AM (RLC), ST (C)",26,"£170,500,000.00","£300,000.00",17.00,14.00,12.00,12.00,16.00,16.00,15.00,16.00,14.00,16.00,15.00,12.00,16.00,15.00
67293495,Pedri - Spanish,Barcelona - Spanish First Division,"M (C), AM (RLC)",21,"£166,000,000.00","£185,000.00",14.00,16.00,14.00,15.00,16.00,18.00,17.00,17.00,12.00,14.00,14.00,15.00,17.00,18.00
78074594,Federico Valverde - Uruguayan,R. Madrid - Spanish First Division,"DM, M (RC), AM (R)",25,"£174,500,000.00","£300,000.00",14.00,17.00,15.00,16.00,11.00,12.00,15.00,12.00,13.00,17.00,17.00,12.00,15.00,14.00
85104424,Kingsley Coman - French,FC Bayern - Bundesliga,M/AM (RL),27,"£167,500,000.00","£245,000.00",13.00,12.00,12.00,12.00,12.00,17.00,14.00,18.00,12.00,17.00,18.00,12.00,17.00,15.00
14229525,Enzo Fernández - Argentinian,Chelsea - English Premier Division,"DM, M/AM (C)",23,"£152,000,000.00","£180,000.00",17.00,16.00,16.00,14.00,14.00,16.00,17.00,13.00,12.00,12.00,13.00,12.00,12.00,15.00
27160181,Rasmus Højlund - Danish,Man UFC - English Premier Division,ST (C),21,"£150,000,000.00","£225,000.00",14.00,15.00,17.00,17.00,13.00,15.00,13.00,14.00,15.00,18.00,15.00,12.00,13.00,15.00
28049320,Harry Kane - English,FC Bayern - Bundesliga,"AM (C), ST (C)",30,"£158,000,000.00","£350,000.00",17.00,16.00,14.00,16.00,18.00,17.00,18.00,14.00,19.00,14.00,12.00,15.00,12.00,15.00
79024232,Miguel Almirón - Paraguayan,Newcastle - English Premier Division,"M (RL), AM (RLC)",30,"£158,000,000.00","£100,000.00",15.00,15.00,13.00,20.00,12.00,12.00,13.00,14.00,13.00,17.00,16.00,12.00,16.00,12.00
67228634,Achraf Hakimi - Moroccan,Paris SG - Ligue 1 Uber Eats,D/WB/M (R),25,"£146,000,000.00","£205,000.00",17.00,15.00,14.00,13.00,12.00,14.00,14.00,13.00,13.00,20.00,18.00,15.00,15.00,14.00
85086031,Adrien Rabiot - French,Juventus - Italian Serie A,"DM, M (LC)",29,"£124,500,000.00","£150,000.00",14.00,18.00,16.00,16.00,13.00,15.00,16.00,13.00,13.00,16.00,13.00,14.00,12.00,15.00
67211695,Theo Hernández - French,AC Milan - Italian Serie A,D/WB/M (L),26,"£125,000,000.00","£140,000.00",17.00,16.00,16.00,13.00,12.00,13.00,13.00,14.00,12.00,18.00,17.00,15.00,14.00,14.00
43161651,Federico Chiesa - Italian,Juventus - Italian Serie A,"M (L), AM (RL), ST (C)",26,"£123,000,000.00","£155,000.00",15.00,12.00,13.00,14.00,16.00,14.00,13.00,16.00,15.00,17.00,16.00,14.00,16.00,15.00
67196198,Marcos Llorente - Spanish,A. Madrid - Spanish First Division,"WB (R), DM, M (RC), AM (C)",29,"£133,000,000.00","£130,000.00",13.00,16.00,12.00,16.00,15.00,14.00,14.00,12.00,12.00,15.00,14.00,12.00,12.00,12.00
14157184,Alexis Mac Allister - Argentinian,Liverpool - English Premier Division,"DM, M/AM (C)",25,"£128,000,000.00","£150,000.00",14.00,14.00,12.00,15.00,16.00,16.00,16.00,13.00,14.00,13.00,13.00,14.00,12.00,16.00
19306929,Rodrygo - Brazilian,R. Madrid - Spanish First Division,"M (R), AM (RL), ST (C)",23,"£111,500,000.00","£200,000.00",18.00,15.00,16.00,15.00,16.00,16.00,15.00,16.00,17.00,17.00,15.00,13.00,17.00,15.00
67276230,Nico Williams - Spanish,A. Bilbao - Spanish First Division,M/AM (RL),21,"£104,000,000.00","£54,000.00",15.00,13.00,12.00,14.00,13.00,15.00,13.00,14.00,12.00,14.00,15.00,15.00,16.00,14.00
43139595,Nicolò Barella - Italian,Inter - Italian Serie A,"DM, M (C)",27,"£86,500,000.00","£155,000.00",16.00,18.00,16.00,18.00,14.00,15.00,16.00,14.00,13.00,13.00,15.00,13.00,15.00,15.00
28108490,Jadon Sancho - English,Man UFC - English Premier Division,"M (RL), AM (RLC)",24,"£95,000,000.00","£275,000.00",14.00,13.00,14.00,13.00,14.00,17.00,16.00,18.00,13.00,14.00,15.00,13.00,17.00,16.00
91119265,Julian Brandt - German,Borussia Dortmund - Bundesliga,M/AM (RLC),28,"£66,000,000.00","£125,000.00",13.00,15.00,12.00,12.00,15.00,17.00,16.00,15.00,12.00,14.00,13.00,13.00,15.00,17.00
79034187,Julio Enciso - Paraguayan,Leeds - Sky Bet Championship,AM (RLC),20,"£72,500,000.00","£29,000.00",14.00,15.00,14.00,17.00,13.00,16.00,13.00,16.00,14.00,15.00,16.00,13.00,15.00,13.00
19302456,Douglas Luiz - Brazilian,Aston Villa - English Premier Division,"DM, M (C)",26,"£77,500,000.00","£105,000.00",14.00,15.00,14.00,15.00,15.00,15.00,14.00,13.00,13.00,14.00,14.00,12.00,14.00,14.00
27128917,Mikkel Damsgaard - Danish,Brentford - English Premier Division,M/AM (RLC),23,"£69,500,000.00","£40,000.00",14.00,12.00,12.00,12.00,11.00,16.00,14.00,15.00,12.00,14.00,14.00,13.00,14.00,12.00
28093567,James Maddison - English,Tottenham - English Premier Division,"M (LC), AM (RLC)",27,"£71,000,000.00","£170,000.00",14.00,13.00,17.00,14.00,15.00,17.00,16.00,17.00,14.00,13.00,13.00,14.00,16.00,15.00
71101331,Mykhaylo Mudryk - Ukrainian,Chelsea - English Premier Division,"M (L), AM (RLC)",23,"£69,500,000.00","£150,000.00",12.00,12.00,12.00,14.00,11.00,13.00,13.00,15.00,12.00,18.00,17.00,13.00,16.00,12.00
43094553,Domenico Berardi - Italian,Sassuolo - Italian Serie A,AM (R),29,"£68,500,000.00","£92,000.00",16.00,14.00,13.00,13.00,15.00,16.00,16.00,13.00,16.00,14.00,15.00,14.00,15.00,14.00
43125343,Mattia Zaccagni - Italian,Lazio - Italian Serie A,"M (L), AM (LC)",28,"£69,000,000.00","£105,000.00",17.00,12.00,13.00,13.00,12.00,15.00,15.00,17.00,16.00,15.00,15.00,14.00,15.00,15.00
37062185,Cody Gakpo - Dutch,Liverpool - English Premier Division,"M (C), AM (RLC), ST (C)",25,"£67,500,000.00","£110,000.00",14.00,13.00,14.00,14.00,14.00,14.00,14.00,15.00,13.00,14.00,15.00,14.00,15.00,15.00
89056845,Ferran Torres - Spanish,Barcelona - Spanish First Division,"M (R), AM (RL), ST (C)",24,"£66,500,000.00","£60,000.00",16.00,13.00,15.00,13.00,12.00,15.00,12.00,15.00,14.00,15.00,15.00,13.00,14.00,14.00
14181375,Nicolás González - Argentinian,Fiorentina - Italian Serie A,"M (R), AM (RL), ST (C)",26,"£64,000,000.00","£63,000.00",16.00,13.00,13.00,14.00,14.00,15.00,14.00,16.00,14.00,16.00,16.00,15.00,16.00,15.00
37071126,Tijjani Reijnders - Dutch,AC Milan - Italian Serie A,"DM, M/AM (C)",25,"£70,500,000.00","£36,000.00",14.00,14.00,14.00,15.00,13.00,15.00,15.00,15.00,12.00,13.00,14.00,12.00,15.00,15.00
67047092,Koke - Spanish,A. Madrid - Spanish First Division,"DM, M (RLC)",32,"£69,000,000.00","£185,000.00",13.00,15.00,15.00,16.00,15.00,14.00,16.00,12.00,12.00,13.00,13.00,15.00,12.00,14.00
43093171,Piotr Zieliński - Polish,Parthenope - Italian Serie A,M/AM (C),30,"£61,000,000.00","£115,000.00",15.00,13.00,12.00,12.00,13.00,17.00,17.00,12.00,14.00,14.00,13.00,15.00,14.00,17.00
61043070,John McGinn - Scottish,Aston Villa - English Premier Division,"DM, M/AM (RLC)",29,"£66,500,000.00","£100,000.00",13.00,17.00,14.00,17.00,12.00,15.00,14.00,14.00,13.00,14.00,14.00,13.00,13.00,13.00
18110528,Charles De Ketelaere - Belgian,Atalanta - Italian Serie A,"AM (C), ST (C)",23,"£66,500,000.00","£53,000.00",15.00,15.00,16.00,13.00,13.00,17.00,15.00,15.00,14.00,15.00,15.00,14.00,15.00,16.00
83262111,Jeremy Sarmiento - Ecuadorian,Brighton - English Premier Division,AM (RL),21,"£57,500,000.00","£26,000.00",14.00,14.00,16.00,14.00,14.00,14.00,12.00,16.00,13.00,15.00,15.00,12.00,14.00,15.00
67220143,Mikel Oyarzábal - Spanish,Real San Sebastián - Spanish First Division,"AM (RLC), ST (C)",27,"£57,500,000.00","£37,000.00",15.00,13.00,14.00,16.00,15.00,16.00,15.00,15.00,16.00,12.00,13.00,12.00,15.00,14.00
24048100,Dani Olmo - Spanish,RB Leipzig - Bundesliga,"M (C), AM (RLC)",26,"£51,000,000.00","£190,000.00",15.00,15.00,15.00,14.00,16.00,17.00,16.00,17.00,12.00,12.00,13.00,12.00,16.00,17.00
48042658,Bryan Mbeumo - Cameroonian,Brentford - English Premier Division,"M (L), AM (RL), ST (C)",24,"£60,000,000.00","£64,000.00",14.00,15.00,12.00,16.00,13.00,13.00,13.00,14.00,12.00,15.00,15.00,13.00,13.00,12.00
49037827,Sofiane Diop - Moroccan,OGC Nice - Ligue 1 Uber Eats,"M (RL), AM (RLC)",23,"£55,500,000.00","£30,500.00",14.00,15.00,14.00,14.00,13.00,16.00,14.00,15.00,12.00,15.00,16.00,12.00,15.00,14.00
37052843,Denzel Dumfries - Dutch,Inter - Italian Serie A,D/WB/M (R),28,"£55,000,000.00","£105,000.00",17.00,15.00,14.00,14.00,12.00,12.00,12.00,13.00,12.00,18.00,17.00,13.00,14.00,12.00
55083779,Diogo Jota - Portuguese,Liverpool - English Premier Division,"AM (RL), ST (C)",27,"£55,000,000.00","£140,000.00",15.00,13.00,13.00,14.00,14.00,15.00,13.00,15.00,15.00,15.00,16.00,12.00,15.00,14.00
49050736,Adrien Truffert - French,Rennes - Ligue 1 Uber Eats,D/WB/M (L),22,"£60,000,000.00","£15,750.00",14.00,15.00,12.00,13.00,12.00,13.00,14.00,13.00,12.00,15.00,14.00,15.00,14.00,13.00
29192705,Pedro Gonçalves - Portuguese,Sporting CP - Portuguese Premier League,"M (C), AM (RLC)",25,"£52,000,000.00","£30,000.00",15.00,14.00,14.00,13.00,14.00,16.00,14.00,15.00,16.00,14.00,14.00,13.00,15.00,15.00
55069796,Ricardo Horta - Portuguese,Al-Ittihad - Saudi Professional League,"M (L), AM (RLC), ST (C)",29,"£58,000,000.00","£800,000.00",17.00,13.00,13.00,12.00,14.00,16.00,13.00,16.00,15.00,15.00,16.00,13.00,15.00,15.00
28067800,Jack Grealish - English,Man City - English Premier Division,M/AM (RLC),28,"£57,000,000.00","£275,000.00",13.00,14.00,14.00,16.00,14.00,15.00,14.00,16.00,13.00,14.00,15.00,15.00,16.00,15.00
14031132,Lucas Ocampos - Argentinian,Sevilla - Spanish First Division,M/AM (RL),29,"£56,500,000.00","£51,000.00",16.00,14.00,13.00,16.00,13.00,14.00,13.00,15.00,14.00,15.00,15.00,13.00,14.00,14.00
85075725,Gaëtan Laborde - French,OGC Nice - Ligue 1 Uber Eats,"AM (RL), ST (C)",30,"£49,500,000.00","£35,000.00",15.00,17.00,14.00,18.00,13.00,13.00,14.00,13.00,14.00,13.00,13.00,13.00,12.00,13.00
29156522,Ebere Eze - English,Crystal Palace - English Premier Division,"M (C), AM (LC)",25,"£45,000,000.00","£71,000.00",14.00,12.00,16.00,13.00,16.00,16.00,16.00,17.00,13.00,13.00,14.00,13.00,16.00,15.00
19334410,Matheus Cunha - Brazilian,Wolves - English Premier Division,"AM (RLC), ST (C)",25,"£44,000,000.00","£80,000.00",12.00,13.00,14.00,13.00,13.00,16.00,14.00,17.00,15.00,15.00,15.00,12.00,15.00,15.00
91193048,Florian Wirtz - German,Bayer 04 - Bundesliga,"M (C), AM (RLC)",21,"£54,000,000.00","£75,000.00",13.00,13.00,12.00,14.00,15.00,17.00,16.00,16.00,12.00,15.00,14.00,12.00,16.00,16.00
48042766,Ismaïla Sarr - Senegalese,OM - Ligue 1 Uber Eats,"M (R), AM (RL), ST (C)",26,"£54,000,000.00","£63,000.00",14.00,14.00,15.00,13.00,12.00,13.00,13.00,13.00,14.00,18.00,15.00,12.00,14.00,13.00
67277465,Sergio Arribas - Spanish,Almería - Spanish First Division,"M (LC), AM (RLC)",22,"£47,500,000.00","£11,000.00",12.00,12.00,14.00,12.00,11.00,15.00,13.00,13.00,14.00,14.00,15.00,14.00,14.00,14.00
18027198,Yannick Carrasco - Belgian,Al-Shabab - Saudi Professional League,"WB/M (L), AM (RL)",30,"£52,500,000.00","£215,000.00",16.00,13.00,14.00,12.00,14.00,17.00,13.00,17.00,13.00,15.00,14.00,13.00,14.00,14.00
2000034344,Javi Guerra - Spanish,Valencia - Spanish First Division,"DM, M/AM (C)",21,"£52,000,000.00","£18,500.00",13.00,15.00,13.00,15.00,15.00,16.00,15.00,14.00,13.00,14.00,14.00,13.00,14.00,16.00
28120042,Cole Palmer - English,Chelsea - English Premier Division,"M (C), AM (RLC)",22,"£51,500,000.00","£20,000.00",13.00,13.00,13.00,13.00,13.00,16.00,13.00,14.00,13.00,14.00,15.00,12.00,14.00,13.00
14048343,Rodrigo De Paul - Argentinian,A. Madrid - Spanish First Division,M/AM (RC),30,"£45,000,000.00","£96,000.00",13.00,14.00,14.00,14.00,14.00,15.00,15.00,15.00,13.00,14.00,14.00,15.00,14.00,15.00
45092714,Daichi Kamada - Japanese,Lazio - Italian Serie A,M/AM (C),27,"£49,000,000.00","£89,000.00",16.00,15.00,14.00,14.00,15.00,16.00,14.00,14.00,13.00,14.00,12.00,12.00,14.00,15.00
19259027,Renan Lodi - Brazilian,OM - Ligue 1 Uber Eats,D/WB/M (L),26,"£42,500,000.00","£66,000.00",14.00,14.00,12.00,12.00,13.00,14.00,15.00,15.00,12.00,14.00,15.00,15.00,16.00,13.00
48044735,Amine Gouiri - Algerian,Rennes - Ligue 1 Uber Eats,"AM (L), ST (C)",24,"£41,500,000.00","£49,500.00",15.00,13.00,15.00,14.00,14.00,15.00,13.00,15.00,15.00,14.00,14.00,13.00,14.00,15.00
28094949,Harry Wilson - Welsh,Fulham - English Premier Division,AM (RLC),27,"£40,000,000.00","£68,000.00",14.00,13.00,14.00,13.00,15.00,15.00,15.00,15.00,13.00,14.00,14.00,15.00,14.00,14.00
83188780,Matheus Nunes - Portuguese,Man City - English Premier Division,"DM, M (C), AM (RC)",25,"£45,500,000.00","£130,000.00",14.00,16.00,13.00,16.00,13.00,15.00,13.00,15.00,12.00,14.00,14.00,13.00,13.00,14.00
12091814,Dango Ouattara - Burkinabé,Bournemouth - English Premier Division,"M/AM (R), ST (C)",22,"£45,500,000.00","£40,000.00",12.00,14.00,12.00,14.00,12.00,14.00,13.00,14.00,12.00,15.00,15.00,12.00,14.00,12.00
67269484,Samuel Chukwueze - Nigerian,AC Milan - Italian Serie A,"M (R), AM (RL)",25,"£45,000,000.00","£85,000.00",14.00,15.00,14.00,12.00,11.00,15.00,13.00,17.00,13.00,17.00,17.00,15.00,15.00,15.00
55041710,Gonçalo Guedes - Portuguese,Benfica - Portuguese Premier League,"M (RL), AM (RLC), ST (C)",27,"£45,000,000.00","£90,000.00",14.00,13.00,12.00,14.00,10.00,14.00,13.00,14.00,13.00,15.00,16.00,13.00,13.00,12.00
85140175,Yoane Wissa - DR Congolese,Brentford - English Premier Division,"M/AM (L), ST (C)",27,"£37,500,000.00","£30,000.00",14.00,14.00,12.00,14.00,13.00,14.00,14.00,14.00,14.00,15.00,15.00,13.00,14.00,12.00
67103336,Saúl - Spanish,A. Madrid - Spanish First Division,"DM, M (RLC)",29,"£42,000,000.00","£250,000.00",14.00,14.00,12.00,14.00,14.00,16.00,15.00,15.00,13.00,13.00,13.00,12.00,13.00,13.00
2000054263,Bryan Zaragoza - Spanish,Man UFC - English Premier Division,M/AM (RL),23,"£37,000,000.00","£71,000.00",15.00,13.00,13.00,14.00,13.00,15.00,12.00,17.00,12.00,14.00,16.00,13.00,14.00,14.00
67201783,Emiliano Buendía - Argentinian,Aston Villa - English Premier Division,AM (RC),27,"£37,000,000.00","£80,000.00",15.00,13.00,15.00,14.00,15.00,16.00,15.00,16.00,13.00,14.00,14.00,15.00,16.00,15.00
29114975,Nabil Fekir - French,Real Hispalis - Spanish First Division,"AM (RLC), ST (C)",30,"£36,000,000.00","£105,000.00",14.00,14.00,16.00,12.00,12.00,17.00,16.00,16.00,12.00,13.00,14.00,13.00,15.00,16.00
37024265,Steven Berghuis - Dutch,Ajax - Eredivisie,"M (RC), AM (RLC), ST (C)",32,"£35,000,000.00","£64,000.00",14.00,13.00,14.00,16.00,12.00,14.00,14.00,13.00,13.00,14.00,15.00,15.00,13.00,15.00
58104594,Alexandr Golovin - Russian,AS Monaco - Ligue 1 Uber Eats,M/AM (LC),28,"£39,000,000.00","£76,000.00",13.00,13.00,14.00,14.00,12.00,16.00,16.00,16.00,12.00,14.00,14.00,13.00,15.00,15.00
43270713,Riccardo Sottil - Italian,Fiorentina - Italian Serie A,M/AM (RL),25,"£34,000,000.00","£44,000.00",14.00,12.00,12.00,14.00,12.00,14.00,14.00,14.00,12.00,15.00,15.00,13.00,14.00,14.00
67196204,Carlos Soler - Spanish,Paris SG - Ligue 1 Uber Eats,"DM, M/AM (RC)",27,"£38,000,000.00","£69,000.00",13.00,15.00,14.00,14.00,13.00,15.00,15.00,14.00,13.00,13.00,13.00,14.00,14.00,15.00
24039948,Nikola Vlašić - Croatian,Torino - Italian Serie A,"M (C), AM (RLC)",26,"£37,500,000.00","£76,000.00",14.00,12.00,15.00,12.00,14.00,14.00,15.00,16.00,14.00,15.00,15.00,12.00,14.00,15.00
43317933,Hamed Traorè - Ivorian,Bournemouth - English Premier Division,"M (C), AM (LC)",24,"£29,000,000.00","£50,000.00",15.00,12.00,15.00,13.00,13.00,15.00,14.00,15.00,14.00,13.00,13.00,12.00,16.00,16.00
30035404,Gabriel Barbosa - Brazilian,FLA - Brazilian National First Division,"AM (R), ST (C)",27,"£28,000,000.00","£65,000.00",17.00,15.00,14.00,14.00,16.00,14.00,15.00,15.00,14.00,13.00,14.00,13.00,14.00,15.00
14027117,Ezequiel Ávila - Argentinian,Atlético Pamplona - Spanish First Division,"AM (RLC), ST (C)",30,"£30,000,000.00","£55,000.00",15.00,13.00,12.00,16.00,10.00,13.00,12.00,12.00,14.00,14.00,14.00,14.00,14.00,13.00
37061602,Orkun Kökçü - Turkish,Benfica - Portuguese Premier League,"M (LC), AM (C)",23,"£31,500,000.00","£28,000.00",13.00,15.00,14.00,12.00,16.00,16.00,16.00,13.00,12.00,13.00,13.00,14.00,14.00,14.00
45104608,Takefusa Kubo - Japanese,Real San Sebastián - Spanish First Division,"M/AM (RC), ST (C)",23,"£31,500,000.00","£36,000.00",14.00,13.00,15.00,14.00,14.00,16.00,15.00,15.00,14.00,12.00,14.00,12.00,14.00,16.00
19249790,Rony - Brazilian,SEP - Brazilian National First Division,"M (L), AM (RL), ST (C)",29,"£30,500,000.00","£36,500.00",12.00,15.00,12.00,16.00,11.00,14.00,12.00,14.00,13.00,15.00,15.00,12.00,15.00,13.00
16045721,Marcel Sabitzer - Austrian,Borussia Dortmund - Bundesliga,"DM, M/AM (C)",30,"£28,000,000.00","£125,000.00",16.00,16.00,12.00,17.00,13.00,13.00,14.00,12.00,12.00,14.00,12.00,12.00,12.00,13.00
29139576,Todd Cantwell - English,Rangers - English Premier Division,M/AM (RLC),26,"£25,000,000.00","£25,000.00",12.00,12.00,16.00,12.00,15.00,16.00,15.00,15.00,12.00,12.00,12.00,13.00,16.00,16.00
45109174,Hidemasa Morita - Japanese,Sporting CP - Portuguese Premier League,"DM, M (C)",29,"£30,000,000.00","£18,500.00",14.00,14.00,15.00,14.00,16.00,15.00,15.00,13.00,12.00,13.00,12.00,13.00,13.00,15.00
43372948,Nicolò Fagioli - Italian,Juventus - Italian Serie A,"DM, M/AM (C)",23,"£30,000,000.00","£30,500.00",15.00,13.00,13.00,14.00,13.00,16.00,15.00,14.00,12.00,13.00,14.00,13.00,16.00,15.00
28106999,Brahim Díaz - Moroccan,R. Madrid - Spanish First Division,"M (C), AM (RC)",24,"£27,000,000.00","£120,000.00",14.00,12.00,13.00,14.00,12.00,16.00,14.00,16.00,12.00,14.00,16.00,12.00,16.00,15.00
28106685,Josh Dasilva - Angolan,Brentford - English Premier Division,"DM, M (C)",25,"£26,500,000.00","£29,500.00",13.00,12.00,14.00,14.00,14.00,14.00,14.00,14.00,13.00,12.00,13.00,12.00,13.00,13.00
48036788,Saïd Benrahma - Algerian,West Ham - English Premier Division,AM (RLC),28,"£29,000,000.00","£60,000.00",14.00,14.00,13.00,13.00,13.00,17.00,12.00,17.00,13.00,14.00,14.00,12.00,15.00,17.00
55070264,Nuno Santos - Portuguese,Sporting CP - Portuguese Premier League,D/WB/M/AM (L),29,"£28,000,000.00","£16,750.00",14.00,14.00,15.00,16.00,11.00,15.00,15.00,13.00,14.00,15.00,15.00,16.00,13.00,14.00
2000011972,Sávio - Brazilian,Girona - Spanish First Division,"AM (RL), ST (C)",20,"£27,500,000.00","£17,750.00",16.00,14.00,14.00,12.00,14.00,15.00,13.00,17.00,12.00,14.00,14.00,14.00,16.00,16.00
91143519,Vitaly Janelt - German,Brentford - English Premier Division,"DM, M (C)",26,"£24,500,000.00","£48,500.00",12.00,15.00,14.00,15.00,14.00,13.00,14.00,13.00,12.00,12.00,12.00,12.00,12.00,13.00
83228377,Tiago Gouveia - Portuguese,Benfica - Portuguese Premier League,M/AM (RL),22,"£24,000,000.00","£7,250.00",15.00,14.00,13.00,13.00,12.00,15.00,13.00,15.00,13.00,14.00,15.00,13.00,15.00,15.00
29189400,Brennan Johnson - Welsh,Tottenham - English Premier Division,"AM (RC), ST (C)",23,"£27,000,000.00","£60,000.00",12.00,13.00,13.00,13.00,13.00,13.00,14.00,14.00,13.00,15.00,16.00,13.00,13.00,12.00
78088646,Facundo Torres - Uruguayan,Crystal Palace - English Premier Division,"AM (RLC), ST (C)",24,"£26,500,000.00","£61,000.00",14.00,13.00,12.00,12.00,14.00,15.00,12.00,15.00,13.00,13.00,14.00,13.00,15.00,15.00
89063107,Iliman N'Diaye - Senegalese,OM - Ligue 1 Uber Eats,"AM (RLC), ST (C)",24,"£23,500,000.00","£25,500.00",14.00,12.00,13.00,13.00,13.00,14.00,12.00,15.00,14.00,13.00,14.00,12.00,16.00,14.00
78059800,Giorgian De Arrascaeta - Uruguayan,FLA - Brazilian National First Division,M/AM (LC),30,"£25,500,000.00","£40,500.00",13.00,12.00,13.00,12.00,12.00,17.00,17.00,16.00,12.00,13.00,15.00,13.00,16.00,16.00
67157520,Álex Berenguer - Spanish,A. Bilbao - Spanish First Division,"WB (L), M (RL), AM (RLC)",28,"£25,500,000.00","£29,000.00",14.00,12.00,14.00,13.00,12.00,14.00,13.00,15.00,13.00,14.00,15.00,12.00,15.00,13.00
67274349,Hugo Duro - Spanish,Valencia - Spanish First Division,"AM (RLC), ST (C)",24,"£22,000,000.00","£16,000.00",16.00,14.00,12.00,14.00,14.00,12.00,13.00,14.00,14.00,14.00,14.00,12.00,13.00,12.00
24065108,Martin Baturina - Croatian,Dinamo - Croatian First League,"M (C), AM (LC)",21,"£24,750,000.00","£8,250.00",15.00,13.00,15.00,13.00,15.00,16.00,15.00,16.00,12.00,12.00,13.00,13.00,15.00,15.00
27129143,Casper Tengstedt - Danish,Benfica - Portuguese Premier League,"AM (RLC), ST (C)",24,"£22,250,000.00","£15,750.00",12.00,13.00,13.00,15.00,14.00,12.00,13.00,12.00,15.00,14.00,13.00,12.00,13.00,13.00
55079798,Stephen Eustáquio - Canadian,Tottenham - English Premier Division,"DM, M (C)",27,"£24,000,000.00","£61,000.00",14.00,15.00,14.00,14.00,15.00,14.00,15.00,13.00,12.00,12.00,13.00,13.00,14.00,14.00
67231100,Jorge De Frutos - Spanish,Vallecano - Spanish First Division,M/AM (RL),27,"£24,000,000.00","£16,750.00",14.00,14.00,13.00,14.00,12.00,13.00,12.00,14.00,13.00,15.00,16.00,15.00,13.00,12.00
83137935,Francisco Trincão - Portuguese,Sporting CP - Portuguese Premier League,"M (R), AM (RLC)",24,"£21,500,000.00","£28,500.00",15.00,13.00,14.00,12.00,15.00,16.00,15.00,15.00,13.00,13.00,13.00,14.00,14.00,15.00
29110623,Ollie Watkins - English,Aston Villa - English Premier Division,"AM (RL), ST (C)",28,"£21,500,000.00","£120,000.00",15.00,16.00,12.00,19.00,11.00,12.00,13.00,13.00,16.00,14.00,15.00,12.00,15.00,12.00
67213011,Carles Aleñá - Spanish,Getafe - Spanish First Division,M/AM (C),26,"£21,500,000.00","£66,000.00",15.00,12.00,13.00,12.00,15.00,17.00,17.00,15.00,12.00,13.00,12.00,13.00,12.00,17.00
85046988,Morgan Sanson - French,OGC Nice - Ligue 1 Uber Eats,"DM, M/AM (C)",29,"£22,000,000.00","£60,000.00",13.00,14.00,15.00,15.00,15.00,14.00,15.00,14.00,12.00,14.00,14.00,13.00,14.00,15.00
29228687,Jay Stansfield - English,Fulham - English Premier Division,"AM (RC), ST (C)",21,"£20,500,000.00","£10,000.00",13.00,15.00,13.00,14.00,13.00,14.00,12.00,13.00,13.00,15.00,15.00,13.00,13.00,13.00
48036785,Franck Honorat - French,Borussia M'gladbach - Bundesliga,WB/M/AM (R),27,"£20,000,000.00","£33,000.00",14.00,14.00,12.00,15.00,13.00,13.00,12.00,12.00,12.00,16.00,14.00,14.00,13.00,13.00
67276474,Beñat Turrientes - Spanish,Real San Sebastián - Spanish First Division,"DM, M (C)",22,"£21,750,000.00","£11,750.00",17.00,13.00,13.00,16.00,13.00,14.00,15.00,13.00,14.00,12.00,14.00,13.00,15.00,14.00
45064891,Takumi Minamino - Japanese,AS Monaco - Ligue 1 Uber Eats,"M (C), AM (RLC), ST (C)",29,"£19,750,000.00","£77,000.00",13.00,13.00,14.00,15.00,12.00,14.00,14.00,13.00,12.00,13.00,15.00,12.00,16.00,14.00
62124125,Nemanja Radonjić - Serbian,Torino - Italian Serie A,AM (RLC),28,"£19,250,000.00","£39,500.00",13.00,12.00,14.00,12.00,12.00,15.00,12.00,16.00,13.00,15.00,16.00,13.00,16.00,15.00
19261284,Artur - Brazilian,SEP - Brazilian National First Division,M/AM (RL),26,"£21,500,000.00","£14,750.00",15.00,14.00,15.00,14.00,13.00,13.00,13.00,14.00,12.00,15.00,16.00,12.00,16.00,14.00
85117078,Benjamin Bourigeaud - French,Nottm Forest - English Premier Division,"M (RC), AM (R)",30,"£17,000,000.00","£34,500.00",13.00,16.00,12.00,15.00,13.00,13.00,15.00,14.00,12.00,13.00,13.00,14.00,13.00,15.00
83228804,Gonçalo Borges - Portuguese,FC Porto - Portuguese Premier League,"M (R), AM (RL)",23,"£20,750,000.00","£8,250.00",14.00,13.00,14.00,13.00,13.00,14.00,13.00,16.00,12.00,16.00,15.00,14.00,16.00,14.00
2000065061,Oscar Gloukh - Israeli,FC RB Salzburg - Austrian Premier Division,"M (C), AM (LC), ST (C)",20,"£18,250,000.00","£11,750.00",14.00,14.00,14.00,12.00,14.00,15.00,14.00,14.00,12.00,13.00,13.00,12.00,15.00,15.00
67173045,Isi Palazón - Spanish,Vallecano - Spanish First Division,M/AM (RL),29,"£18,250,000.00","£15,750.00",13.00,14.00,15.00,15.00,13.00,14.00,13.00,16.00,14.00,14.00,14.00,13.00,16.00,15.00
85128018,Adrien Thomasson - French,RC Lens - Ligue 1 Uber Eats,"M (C), AM (RLC)",30,"£20,000,000.00","£18,750.00",14.00,14.00,12.00,16.00,12.00,14.00,13.00,13.00,12.00,14.00,15.00,12.00,13.00,13.00
19233146,Everton Cebolinha - Brazilian,FLA - Brazilian National First Division,"M (L), AM (RL), ST (C)",28,"£20,000,000.00","£29,500.00",12.00,13.00,14.00,12.00,11.00,15.00,12.00,15.00,13.00,14.00,14.00,13.00,14.00,13.00
83103196,M'Bala Nzola - Angolan,Fiorentina - Italian Serie A,ST (C),27,"£19,250,000.00","£46,000.00",14.00,15.00,16.00,14.00,12.00,14.00,12.00,13.00,14.00,16.00,15.00,12.00,13.00,13.00
43162321,Riccardo Orsolini - Italian,Bologna - Italian Serie A,M/AM (R),27,"£16,500,000.00","£61,000.00",13.00,15.00,13.00,14.00,13.00,16.00,13.00,15.00,14.00,15.00,15.00,14.00,15.00,14.00
19242277,Raphinha - Brazilian,Man City - English Premier Division,"M (R), AM (RL)",27,"£15,000,000.00","£200,000.00",17.00,14.00,14.00,15.00,14.00,16.00,14.00,16.00,13.00,15.00,16.00,14.00,16.00,16.00
2000059474,João Marques - Portuguese,Estoril Praia - Portuguese Premier League,"M (C), AM (RLC)",21,"£18,250,000.00","£4,800.00",14.00,14.00,14.00,14.00,11.00,15.00,13.00,15.00,12.00,15.00,15.00,12.00,14.00,13.00
28113414,Keane Lewis-Potter - English,Brentford - English Premier Division,"M (RL), AM (RLC), ST (C)",23,"£17,500,000.00","£32,000.00",13.00,13.00,13.00,14.00,14.00,12.00,13.00,14.00,14.00,14.00,14.00,13.00,14.00,13.00
55026952,Bruma - Portuguese,BRG - Portuguese Premier League,"M (L), AM (RL)",29,"£17,500,000.00","£13,000.00",14.00,13.00,14.00,14.00,11.00,15.00,13.00,18.00,12.00,15.00,16.00,12.00,17.00,14.00
11024791,Milot Rashica - Kosovan,Beşiktaş - Turkish Super League,AM (RL),27,"£15,500,000.00","£41,000.00",12.00,15.00,13.00,15.00,12.00,14.00,12.00,13.00,12.00,14.00,15.00,15.00,16.00,13.00
29125343,Scott McTominay - Scottish,Man UFC - English Premier Division,"DM, M/AM (C)",27,"£14,750,000.00","£80,000.00",14.00,19.00,15.00,15.00,11.00,12.00,13.00,12.00,14.00,14.00,13.00,12.00,14.00,13.00
91105243,Vincenzo Grifo - Italian,SC Freiburg - Bundesliga,M/AM (LC),31,"£14,750,000.00","£37,000.00",13.00,14.00,12.00,13.00,15.00,15.00,15.00,14.00,12.00,14.00,13.00,16.00,15.00,16.00
51052239,Orbelín Pineda - Mexican,AEK - Greek Super League 1,"D (R), M/AM (LC)",28,"£14,250,000.00","£24,500.00",13.00,15.00,12.00,14.00,12.00,16.00,14.00,14.00,12.00,14.00,15.00,13.00,16.00,13.00
86066846,Gonzalo Plata - Ecuadorian,Al-Sadd - Qatar Stars League,"M (R), AM (RL)",23,"£15,000,000.00","£7,250.00",12.00,13.00,13.00,13.00,11.00,15.00,13.00,16.00,13.00,15.00,16.00,14.00,15.00,14.00
67155012,Rubén García - Spanish,Atlético Pamplona - Spanish First Division,M/AM (RLC),30,"£14,500,000.00","£25,000.00",14.00,13.00,12.00,13.00,13.00,15.00,14.00,13.00,12.00,12.00,13.00,15.00,13.00,14.00
67272136,Ferran Jutglà - Spanish,Club Brugge - Jupiler Pro League,"AM (RL), ST (C)",25,"£14,500,000.00","£22,500.00",16.00,12.00,13.00,16.00,13.00,13.00,13.00,12.00,15.00,14.00,14.00,12.00,15.00,14.00
67260440,Bryan Gil - Spanish,Tottenham - English Premier Division,"M (L), AM (RLC)",23,"£14,500,000.00","£80,000.00",15.00,13.00,14.00,12.00,11.00,14.00,12.00,16.00,13.00,13.00,16.00,14.00,15.00,13.00
62082823,Andrija Živković - Serbian,PAOK - Greek Super League 1,"M (RL), AM (RLC)",27,"£13,000,000.00","£44,500.00",13.00,12.00,13.00,12.00,15.00,16.00,15.00,15.00,13.00,12.00,12.00,15.00,14.00,15.00
67046417,Cristian Tello - Spanish,Al-Fateh - Saudi Professional League,M/AM (RL),32,"£12,750,000.00","£82,000.00",15.00,12.00,12.00,12.00,12.00,15.00,12.00,13.00,12.00,12.00,15.00,14.00,13.00,14.00
55028042,Fábio Martins - Portuguese,Al-Khaleej (KSA) - Saudi Professional League,"M (L), AM (RL)",30,"£14,000,000.00","£79,000.00",14.00,12.00,12.00,13.00,12.00,15.00,13.00,15.00,12.00,14.00,15.00,13.00,16.00,14.00
98040226,Noah Okafor - Swiss,AC Milan - Italian Serie A,"AM (RL), ST (C)",24,"£13,750,000.00","£42,000.00",15.00,13.00,13.00,13.00,13.00,15.00,12.00,15.00,15.00,15.00,15.00,12.00,12.00,14.00
19354888,Reinier - Brazilian,Frosinone - Italian Serie A,AM (RLC),22,"£13,750,000.00","£7,750.00",12.00,12.00,13.00,13.00,12.00,16.00,15.00,15.00,12.00,13.00,13.00,12.00,13.00,15.00
2000050657,Victor Hugo - Brazilian,FLA - Brazilian National First Division,M/AM (C),20,"£12,250,000.00","£6,500.00",13.00,13.00,13.00,13.00,12.00,15.00,13.00,15.00,12.00,13.00,13.00,12.00,13.00,15.00
45108807,Keito Nakamura - Japanese,Reims - Ligue 1 Uber Eats,"AM (RLC), ST (C)",23,"£12,000,000.00","£17,250.00",15.00,14.00,12.00,13.00,12.00,15.00,13.00,13.00,12.00,15.00,14.00,12.00,12.00,13.00
19409770,Gabriel Pirani - Brazilian,SAN - Brazilian National Second Division,M (C),22,"£10,500,000.00","£9,000.00",13.00,13.00,15.00,13.00,11.00,14.00,14.00,13.00,12.00,12.00,14.00,12.00,14.00,13.00
67202350,Dani Ceballos - Spanish,R. Madrid - Spanish First Division,M (C),27,"£10,500,000.00","£170,000.00",14.00,13.00,15.00,13.00,13.00,16.00,17.00,16.00,13.00,14.00,14.00,13.00,15.00,16.00
24004434,Andrej Kramarić - Croatian,TSG Hoffenheim - Bundesliga,"M/AM (C), ST (C)",32,"£12,500,000.00","£66,000.00",13.00,13.00,12.00,15.00,16.00,16.00,14.00,13.00,13.00,12.00,12.00,12.00,14.00,16.00
14112088,Lucas Robertone - Argentinian,Almería - Spanish First Division,"M (RC), AM (C)",27,"£12,250,000.00","£12,500.00",16.00,13.00,12.00,13.00,14.00,15.00,14.00,12.00,12.00,12.00,13.00,14.00,13.00,15.00
72048035,Weston McKennie - American,Juventus - Italian Serie A,"WB (R), DM, M (RC)",25,"£10,900,000.00","£53,000.00",14.00,15.00,16.00,16.00,14.00,12.00,13.00,12.00,12.00,14.00,14.00,13.00,14.00,12.00
43093382,Matteo Politano - Italian,Parthenope - Italian Serie A,"M (R), AM (RL), ST (C)",30,"£11,800,000.00","£67,000.00",16.00,12.00,12.00,14.00,15.00,14.00,14.00,14.00,13.00,15.00,14.00,15.00,15.00,15.00
47064795,Eljif Elmas - Macedonian,Parthenope - Italian Serie A,M/AM (LC),24,"£10,800,000.00","£46,000.00",15.00,12.00,14.00,15.00,15.00,15.00,16.00,15.00,13.00,13.00,14.00,12.00,14.00,15.00
25055110,Ondřej Lingr - Czech,Feyenoord - Eredivisie,"AM (RC), ST (C)",25,"£11,250,000.00","£3,500.00",13.00,15.00,14.00,13.00,14.00,13.00,12.00,17.00,14.00,13.00,14.00,13.00,14.00,13.00
19360962,Gabriel Veron - Brazilian,FC Porto - Portuguese Premier League,"AM (RL), ST (C)",21,"£11,150,000.00","£18,500.00",13.00,13.00,12.00,12.00,12.00,15.00,12.00,15.00,13.00,15.00,16.00,12.00,14.00,14.00
78074592,Diego Rossi - Uruguayan,Columbus - Major League Soccer,"AM (RLC), ST (C)",26,"£10,900,000.00","£20,000.00",17.00,15.00,15.00,16.00,11.00,14.00,14.00,12.00,14.00,15.00,12.00,12.00,14.00,14.00
14187955,Matías Zaracho - Argentinian,ATM - Brazilian National First Division,M/AM (RC),26,"£8,800,000.00","£39,000.00",16.00,12.00,12.00,14.00,16.00,15.00,14.00,14.00,12.00,13.00,15.00,13.00,15.00,13.00
53052372,Mohamed Elyounoussi - Norwegian,FC København - 3F Superliga,"M (RL), AM (RLC)",29,"£10,800,000.00","£23,000.00",15.00,14.00,12.00,17.00,13.00,14.00,13.00,15.00,12.00,12.00,13.00,12.00,15.00,15.00
76053760,Jhon Arias - Colombian,FLU - Brazilian National First Division,"AM (RLC), ST (C)",26,"£10,700,000.00","£21,000.00",14.00,12.00,12.00,14.00,13.00,14.00,13.00,14.00,12.00,13.00,12.00,13.00,13.00,13.00
98038311,Nedim Bajrami - Albanian,Sassuolo - Italian Serie A,M/AM (C),25,"£8,400,000.00","£25,500.00",14.00,13.00,13.00,13.00,14.00,15.00,15.00,13.00,13.00,14.00,13.00,13.00,13.00,14.00
67045428,Pablo Sarabia - Spanish,Wolves - English Premier Division,M/AM (RLC),32,"£10,000,000.00","£110,000.00",15.00,12.00,15.00,14.00,14.00,17.00,15.00,15.00,15.00,13.00,13.00,15.00,15.00,17.00
55062071,Ivo Rodrigues - Portuguese,Al-Khaleej (KSA) - Saudi Professional League,AM (RLC),29,"£9,000,000.00","£51,000.00",13.00,12.00,12.00,12.00,12.00,13.00,13.00,13.00,13.00,13.00,13.00,14.00,13.00,14.00
48036653,Romain Del Castillo - French,Brest - Ligue 1 Uber Eats,"AM (RL), ST (C)",28,"£8,800,000.00","£13,750.00",13.00,13.00,15.00,13.00,12.00,13.00,14.00,13.00,12.00,13.00,13.00,15.00,16.00,13.00
78064824,Fernando Gorriarán - Uruguayan,Tigres - Mexican First Division,"DM, M (RLC)",29,"£9,900,000.00","£19,250.00",15.00,14.00,12.00,14.00,13.00,14.00,14.00,14.00,12.00,13.00,15.00,13.00,12.00,14.00
51055617,Carlos Rodríguez - Mexican,Cruz Azul - Mexican First Division,M/AM (C),27,"£8,500,000.00","£17,000.00",14.00,14.00,16.00,14.00,15.00,15.00,14.00,13.00,12.00,12.00,12.00,12.00,15.00,15.00
13208269,Afsha - Egyptian,Al-Ahly - Egyptian Premier League,"M (C), AM (LC)",28,"£8,500,000.00","£27,000.00",16.00,12.00,12.00,12.00,13.00,15.00,16.00,14.00,12.00,13.00,12.00,13.00,15.00,15.00
2000088490,Roony Bardghji - Swedish,FC København - 3F Superliga,M/AM (R),18,"£9,450,000.00","£20,000.00",14.00,13.00,15.00,14.00,14.00,16.00,15.00,16.00,14.00,14.00,14.00,12.00,16.00,15.00
12075128,Cheikh Sabaly - Senegalese,FC Metz - Ligue 1 Uber Eats,"M (L), AM (RL)",25,"£9,200,000.00","£3,200.00",13.00,13.00,13.00,14.00,13.00,13.00,13.00,13.00,12.00,13.00,14.00,12.00,14.00,13.00
72049175,Djordje Mihailović - American,AZ - Eredivisie,"M (C), AM (LC)",25,"£8,400,000.00","£10,000.00",13.00,14.00,12.00,12.00,14.00,14.00,14.00,14.00,12.00,12.00,13.00,13.00,14.00,15.00
61036775,Ryan Fraser - Scottish,Newcastle - English Premier Division,"M (RL), AM (RLC)",30,"£7,400,000.00","£65,000.00",15.00,12.00,14.00,17.00,12.00,12.00,14.00,12.00,13.00,13.00,15.00,13.00,13.00,13.00
18089606,Ilias Chair - Moroccan,QPR - Sky Bet Championship,"M (C), AM (LC), ST (C)",26,"£8,750,000.00","£10,000.00",13.00,14.00,15.00,13.00,14.00,14.00,12.00,15.00,12.00,12.00,13.00,13.00,15.00,14.00
49030848,Faïz Selemani - Comoran,Al-Hazem - Saudi Professional League,"M (L), AM (RL)",30,"£8,750,000.00","£24,500.00",14.00,13.00,12.00,13.00,13.00,15.00,13.00,14.00,12.00,13.00,15.00,12.00,15.00,15.00
22073681,Filip Krastev - Bulgarian,LAFC - Major League Soccer,M/AM (C),22,"£7,700,000.00","£3,400.00",13.00,14.00,14.00,13.00,13.00,13.00,15.00,13.00,12.00,13.00,14.00,14.00,15.00,14.00
13156726,Trezeguet - Egyptian,Trabzonspor - Turkish Super League,M/AM (RL),29,"£8,650,000.00","£32,000.00",17.00,14.00,14.00,14.00,11.00,15.00,14.00,16.00,14.00,12.00,14.00,14.00,12.00,14.00
18081111,Theo Bongonda - DR Congolese,Spartak Moscow - Russian Premier League,"M (RL), AM (RLC)",28,"£7,500,000.00","£29,500.00",14.00,13.00,12.00,13.00,11.00,15.00,13.00,15.00,12.00,15.00,15.00,13.00,14.00,15.00
19311395,Juninho Capixaba - Brazilian,BRA - Brazilian National First Division,D/WB (L),26,"£7,400,000.00","£11,250.00",14.00,15.00,13.00,14.00,13.00,13.00,12.00,12.00,13.00,13.00,14.00,12.00,14.00,12.00
96129140,Mateusz Bogusz - Polish,LAFC - Major League Soccer,M/AM (C),22,"£7,900,000.00","£10,000.00",14.00,15.00,14.00,13.00,14.00,14.00,14.00,14.00,12.00,13.00,13.00,13.00,12.00,12.00
14172522,Thiago Almada - Argentinian,Atlanta United - Major League Soccer,"M (C), AM (RLC)",23,"£7,800,000.00","£61,000.00",14.00,13.00,15.00,14.00,14.00,16.00,16.00,16.00,12.00,13.00,15.00,12.00,15.00,15.00
14201600,Pablo Solari - Argentinian,River - Argentine Premier Division,"M (R), AM (RL), ST (C)",23,"£7,400,000.00","£11,000.00",14.00,14.00,12.00,14.00,11.00,13.00,12.00,13.00,14.00,14.00,15.00,13.00,14.00,13.00
14242250,Tomás Pozzo - Argentinian,Bournemouth - English Premier Division,AM (RLC),23,"£7,300,000.00","£13,250.00",13.00,13.00,15.00,14.00,10.00,15.00,12.00,12.00,14.00,14.00,13.00,13.00,12.00,12.00
168335,Tonny Vilhena - Dutch,Panathinaikos - Greek Super League 1,"DM, M (C)",29,"£6,600,000.00","£30,500.00",13.00,13.00,14.00,13.00,13.00,15.00,14.00,14.00,13.00,13.00,12.00,12.00,13.00,14.00
27045629,Philip Zinckernagel - Danish,Club Brugge - Jupiler Pro League,"M (C), AM (RLC), ST (C)",29,"£2,900,000.00","£19,750.00",14.00,12.00,12.00,13.00,12.00,13.00,13.00,12.00,12.00,14.00,13.00,13.00,13.00,13.00
19192323,Kenedy - Brazilian,Club Brugge - Jupiler Pro League,"WB/M (L), AM (RL)",28,"£2,900,000.00","£25,000.00",13.00,13.00,13.00,12.00,12.00,14.00,12.00,13.00,12.00,13.00,13.00,12.00,13.00,13.00
83111737,André Franco - Portuguese,Everton - English Premier Division,"M (RC), AM (RLC)",26,"£6,200,000.00","£11,750.00",13.00,13.00,16.00,12.00,14.00,16.00,13.00,15.00,13.00,13.00,14.00,15.00,15.00,15.00
48031424,Nabil Alioui - French,Havre AC - Ligue 1 Uber Eats,"AM (L), ST (C)",25,"£6,800,000.00","£8,250.00",14.00,12.00,12.00,12.00,13.00,14.00,12.00,15.00,12.00,13.00,14.00,12.00,12.00,14.00
14208032,Rodrigo Garro - Argentinian,Talleres - Argentine Premier Division,"M (RC), AM (C)",26,"£6,700,000.00","£11,750.00",13.00,14.00,14.00,12.00,13.00,15.00,14.00,12.00,12.00,12.00,12.00,13.00,13.00,16.00
19408285,Luciano Juba - Brazilian,BAH - Brazilian National First Division,"D/WB/M (L), AM (LC)",24,"£6,000,000.00","£4,300.00",13.00,13.00,12.00,13.00,12.00,13.00,13.00,13.00,12.00,13.00,13.00,12.00,13.00,12.00
43067331,Gianluca Caprari - Italian,Brianza - Italian Serie A,"AM (LC), ST (C)",30,"£5,900,000.00","£27,500.00",15.00,12.00,14.00,12.00,13.00,16.00,14.00,15.00,13.00,12.00,14.00,13.00,16.00,15.00
37052727,Oussama Idrissi - Moroccan,Pachuca - Mexican First Division,M/AM (RL),28,"£5,900,000.00","£21,500.00",14.00,13.00,13.00,13.00,12.00,15.00,13.00,15.00,12.00,14.00,14.00,14.00,14.00,14.00
85145065,Denis Bouanga - Gabonese,LAFC - Major League Soccer,"M (L), AM (RL), ST (C)",29,"£5,800,000.00","£32,000.00",14.00,14.00,12.00,14.00,14.00,14.00,12.00,15.00,15.00,14.00,15.00,12.00,13.00,14.00
2000032231,Luka Romero - Argentinian,AC Milan - Italian Serie A,AM (RLC),19,"£5,600,000.00","£17,000.00",13.00,14.00,12.00,15.00,11.00,14.00,12.00,14.00,12.00,13.00,13.00,12.00,15.00,14.00
14023213,Sergio Araujo - Greek,AEK - Greek Super League 1,"AM (LC), ST (C)",32,#VALUE!,"£18,250.00",14.00,12.00,13.00,16.00,12.00,15.00,14.00,12.00,12.00,12.00,12.00,12.00,12.00,14.00
38041412,Dániel Sallói - Hungarian,Sporting KC - Major League Soccer,"AM (RL), ST (C)",27,"£6,000,000.00","£17,000.00",14.00,13.00,12.00,14.00,11.00,12.00,12.00,12.00,13.00,13.00,15.00,12.00,12.00,13.00
78064511,David Terans - Uruguayan,Pachuca - Mexican First Division,"M (C), AM (LC), ST (C)",29,"£5,400,000.00","£15,500.00",14.00,12.00,13.00,13.00,13.00,15.00,14.00,15.00,14.00,12.00,14.00,15.00,14.00,14.00
19215477,André Luis - Brazilian,GRE - Brazilian National First Division,"AM (R), ST (C)",27,"£6,650,000.00","£5,500.00",16.00,12.00,12.00,15.00,8.00,13.00,13.00,13.00,13.00,12.00,15.00,14.00,15.00,13.00
14245590,Lautaro Giaccone - Argentinian,Rosario Central - Argentine Premier Division,M/AM (RL),23,"£5,650,000.00","£5,000.00",14.00,13.00,12.00,12.00,10.00,13.00,13.00,14.00,12.00,14.00,15.00,14.00,15.00,13.00
2000045246,Ruben van Bommel - Dutch,AZ - Eredivisie,"M (LC), AM (RL)",19,"£5,300,000.00","£3,000.00",12.00,12.00,13.00,12.00,12.00,12.00,12.00,12.00,13.00,15.00,15.00,12.00,13.00,13.00
14201730,Álvaro Barreal - Argentinian,Cincinnati - Major League Soccer,WB/M/AM (L),23,"£5,450,000.00","£8,000.00",12.00,13.00,12.00,13.00,11.00,14.00,13.00,14.00,12.00,13.00,14.00,14.00,14.00,13.00
13209390,Firas Ben Larbi - Tunisian,Sharjah - UAE Professional League,"M (C), AM (RC), ST (C)",28,"£5,350,000.00","£20,500.00",14.00,12.00,12.00,12.00,12.00,14.00,15.00,13.00,13.00,12.00,14.00,12.00,14.00,14.00
62260391,Stefan Mitrović - Serbian,Crvena zvezda - Serbian SuperLeague,M/AM (L),21,"£4,750,000.00","£2,900.00",13.00,12.00,12.00,13.00,13.00,15.00,12.00,14.00,12.00,15.00,14.00,13.00,16.00,13.00
28101028,Grady Diangana - DR Congolese,West Brom - Sky Bet Championship,M/AM (RL),26,"£5,100,000.00","£24,000.00",14.00,12.00,14.00,12.00,12.00,13.00,13.00,14.00,12.00,14.00,16.00,13.00,16.00,14.00
91204803,Denis Huseinbašić - German,1. FC Köln - Bundesliga,"DM, M/AM (C)",22,"£4,700,000.00","£14,000.00",14.00,16.00,12.00,16.00,11.00,13.00,12.00,13.00,12.00,13.00,13.00,12.00,13.00,13.00
67205090,Íñigo Vicente - Spanish,R. Santander - Spanish Second Division,"M (L), AM (LC), ST (C)",26,"£5,150,000.00","£6,250.00",14.00,13.00,13.00,12.00,12.00,15.00,15.00,14.00,12.00,13.00,13.00,13.00,13.00,15.00
28062309,Callum Robinson - Irish,Cardiff - Sky Bet Championship,"AM (RLC), ST (C)",29,"£5,800,000.00","£16,000.00",14.00,12.00,14.00,14.00,10.00,13.00,12.00,13.00,12.00,13.00,13.00,12.00,14.00,12.00
67201633,Aitor Cantalapiedra - Spanish,Panathinaikos - Greek Super League 1,M/AM (RL),28,"£5,800,000.00","£16,250.00",14.00,13.00,12.00,13.00,12.00,14.00,12.00,13.00,12.00,14.00,13.00,13.00,13.00,12.00
14043242,Sebastián Driussi - Argentinian,Austin FC - Major League Soccer,"AM (LC), ST (C)",28,#VALUE!,"£93,000.00",14.00,13.00,13.00,12.00,13.00,15.00,13.00,14.00,14.00,14.00,14.00,14.00,14.00,14.00
19139020,Gustavo Scarpa - Brazilian,Olympiacos - Greek Super League 1,"M (C), AM (RLC)",30,"£4,800,000.00","£60,000.00",13.00,12.00,13.00,12.00,12.00,16.00,16.00,14.00,13.00,12.00,12.00,15.00,13.00,16.00
13158286,Morlaye Sylla - Guinean,Arouca - Portuguese Premier League,M/AM (LC),25,"£4,700,000.00","£1,800.00",14.00,14.00,14.00,15.00,12.00,14.00,14.00,14.00,12.00,12.00,12.00,13.00,13.00,14.00
43095141,Francesco Di Mariano - Italian,Palermo - Italian Serie B,AM (LC),28,"£5,450,000.00","£17,000.00",14.00,14.00,13.00,12.00,10.00,14.00,13.00,13.00,12.00,13.00,13.00,13.00,14.00,12.00
19068857,Roberto Firmino - Brazilian,Al-Ahli (KSA) - Saudi Professional League,"AM (RC), ST (C)",32,"£3,300,000.00","£325,000.00",14.00,14.00,15.00,15.00,16.00,17.00,13.00,13.00,13.00,12.00,13.00,12.00,13.00,17.00
14204637,Ramiro Sordo - Argentinian,Platense - Argentine Premier Division,"M (L), AM (LC), ST (C)",23,"£4,550,000.00","£4,300.00",14.00,13.00,12.00,14.00,11.00,14.00,13.00,13.00,13.00,13.00,14.00,13.00,13.00,13.00
29139765,Connor Ronan - Irish,Colorado - Major League Soccer,"M (C), AM (RC)",26,"£4,550,000.00","£8,000.00",13.00,12.00,12.00,14.00,13.00,14.00,15.00,14.00,12.00,12.00,13.00,13.00,12.00,14.00
75055397,Alexander Aravena - Chilean,Univ. Católica - Chilean First Division,"AM (RL), ST (C)",21,"£3,900,000.00","£5,750.00",13.00,12.00,12.00,13.00,13.00,14.00,12.00,14.00,13.00,12.00,13.00,14.00,13.00,14.00
37044889,Alireza Jahanbakhsh - Iranian,Feyenoord - Eredivisie,"M (RL), AM (RLC)",30,"£3,450,000.00","£8,500.00",14.00,12.00,12.00,15.00,12.00,14.00,14.00,13.00,13.00,12.00,13.00,14.00,12.00,14.00
43094202,Anthony Partipilo - Italian,Parma - Italian Serie B,"AM (RLC), ST (C)",29,"£1,050,000.00",£650.00,14.00,12.00,13.00,12.00,12.00,14.00,12.00,12.00,13.00,12.00,13.00,12.00,14.00,13.00
49033417,Tony Mauricio - French,FCSM - French National,AM (RLC),30,"£1,700,000.00","£5,000.00",14.00,12.00,12.00,12.00,13.00,14.00,13.00,13.00,12.00,13.00,13.00,12.00,14.00,13.00
75030974,Diego Valdés - Chilean,América - Mexican First Division,AM (C),30,"£5,125,000.00","£14,750.00",14.00,14.00,12.00,13.00,14.00,15.00,15.00,13.00,14.00,12.00,12.00,12.00,14.00,13.00
55070292,Diogo Gonçalves - Portuguese,FC København - 3F Superliga,M/AM (RLC),27,"£4,900,000.00","£17,250.00",14.00,14.00,13.00,14.00,12.00,14.00,14.00,13.00,13.00,13.00,12.00,13.00,12.00,13.00
43207792,Jakub Jankto - Czech,Cagliari - Italian Serie A,"M (RLC), AM (RL)",28,"£4,900,000.00","£31,500.00",14.00,13.00,13.00,12.00,14.00,13.00,12.00,12.00,14.00,14.00,12.00,15.00,13.00,12.00
43280475,Alessio Zerbin - Italian,Villarreal - Spanish First Division,"M (L), AM (RL), ST (C)",25,"£400,000.00","£5,500.00",14.00,12.00,13.00,14.00,12.00,12.00,12.00,12.00,13.00,14.00,14.00,13.00,14.00,13.00
14254106,Santiago Solari - Argentinian,Toulouse FC - Ligue 1 Uber Eats,"M (R), AM (RL)",26,"£4,475,000.00","£1,800.00",13.00,14.00,12.00,13.00,10.00,13.00,12.00,14.00,13.00,14.00,14.00,13.00,15.00,13.00
14220100,Santiago Toloza - Argentinian,Independiente - Argentine Premier Division,"M (RC), AM (C)",21,"£4,075,000.00","£3,100.00",12.00,14.00,12.00,13.00,11.00,15.00,12.00,14.00,13.00,13.00,13.00,14.00,14.00,12.00
37041913,Anwar El Ghazi - Dutch,Mainz 05 - Bundesliga,AM (RL),29,"£325,000.00","£25,500.00",13.00,12.00,14.00,12.00,13.00,14.00,13.00,14.00,13.00,14.00,13.00,14.00,13.00,12.00
29068373,Igor Coronado - Brazilian,OM - Ligue 1 Uber Eats,M/AM (LC),31,"£950,000.00","£71,000.00",14.00,12.00,13.00,12.00,13.00,17.00,16.00,16.00,13.00,12.00,13.00,15.00,15.00,16.00
53052272,Elba Rashani - Kosovan,Adana D.S. - Turkish Super League,"M (RL), AM (RLC)",31,"£2,975,000.00","£6,750.00",14.00,14.00,12.00,13.00,13.00,14.00,13.00,13.00,13.00,13.00,12.00,13.00,14.00,14.00
57146388,Florinel Coman - Romanian,FCSB - Romanian First League,"M/AM (L), ST (C)",26,"£2,850,000.00","£6,500.00",12.00,12.00,12.00,12.00,12.00,14.00,13.00,13.00,13.00,15.00,14.00,12.00,14.00,13.00
67052513,Jordi Alba - Spanish,Inter Miami - Major League Soccer,D/WB (L),35,"£800,000.00","£48,000.00",17.00,14.00,14.00,16.00,12.00,15.00,13.00,13.00,13.00,13.00,16.00,14.00,13.00,16.00
19202696,Boschilia - Brazilian,CTB - Brazilian National Second Division,"M (L), AM (RLC)",28,"£2,587,500.00","£6,250.00",13.00,13.00,13.00,13.00,13.00,15.00,13.00,15.00,12.00,12.00,13.00,13.00,15.00,15.00
67145056,Unai López - Spanish,Vallecano - Spanish First Division,"DM, M/AM (C)",28,"£2,537,500.00","£17,000.00",14.00,12.00,13.00,14.00,13.00,15.00,15.00,13.00,12.00,12.00,12.00,13.00,12.00,15.00
43093277,Willyan - Brazilian,Daejeon - Hana 1Q K LEAGUE 2,"M (RL), AM (RLC)",30,"£937,500.00","£6,000.00",12.00,12.00,12.00,12.00,10.00,15.00,12.00,14.00,12.00,13.00,14.00,12.00,15.00,13.00
48033600,Rémi Oudin - French,Salento - Italian Serie A,"M (C), AM (RLC)",27,"£2,425,000.00","£10,500.00",13.00,12.00,12.00,13.00,14.00,14.00,14.00,13.00,14.00,13.00,13.00,13.00,13.00,13.00
48044415,Yanis Hamache - Algerian,Dnipro-1 - Ukrainian Premier League,D/WB/M/AM (L),24,"£2,275,000.00","£4,900.00",13.00,12.00,14.00,12.00,11.00,14.00,12.00,13.00,13.00,14.00,14.00,15.00,12.00,13.00
78102818,Thiago Borbas - Uruguayan,BRA - Brazilian National First Division,"AM (R), ST (C)",22,"£4,400,000.00","£5,750.00",12.00,13.00,15.00,12.00,12.00,13.00,12.00,13.00,13.00,13.00,14.00,12.00,12.00,13.00
13232260,Mohamed Ali Ben Romdhane - Tunisian,Ferencváros - Hungarian Division I,"DM, M (C)",24,"£3,400,000.00","£11,750.00",15.00,15.00,13.00,15.00,13.00,14.00,14.00,13.00,12.00,13.00,14.00,12.00,13.00,12.00
19136130,Léo Cittadini - Brazilian,BAH - Brazilian National First Division,"DM, M/AM (C)",30,"£2,150,000.00","£8,500.00",12.00,12.00,13.00,13.00,10.00,14.00,13.00,12.00,13.00,12.00,12.00,12.00,12.00,12.00
19219855,Keno - Brazilian,FLU - Brazilian National First Division,AM (RL),34,"£400,000.00","£20,500.00",13.00,13.00,12.00,13.00,11.00,15.00,13.00,15.00,12.00,14.00,14.00,12.00,13.00,13.00
13194004,Seydouba Cissé - Guinean,Bayer 04 - Bundesliga,M (RC),23,"£2,087,500.00","£6,750.00",12.00,13.00,12.00,13.00,11.00,12.00,13.00,13.00,13.00,12.00,14.00,12.00,13.00,14.00
1400480,Antonio Candreva - Italian,Salernitana - Italian Serie A,"M (RC), AM (RLC)",37,"£1,925,000.00","£28,000.00",15.00,14.00,13.00,13.00,14.00,16.00,15.00,12.00,13.00,12.00,12.00,16.00,12.00,15.00
55080670,Kiko Bondoso - Portuguese,Maccabi Tel-Aviv - Israeli Premier League,AM (RLC),28,"£1,925,000.00","£5,500.00",14.00,13.00,14.00,12.00,13.00,14.00,13.00,13.00,12.00,14.00,15.00,12.00,15.00,14.00
14064131,Ramiro Carrera - Argentinian,Atl. Tucumán - Argentine Premier Division,M/AM (C),30,"£1,762,500.00","£7,750.00",13.00,14.00,12.00,15.00,9.00,14.00,12.00,14.00,13.00,13.00,12.00,13.00,12.00,12.00
14083564,Mateo García - Argentinian,Atlas - Mexican First Division,M/AM (RL),27,"£1,537,500.00","£8,250.00",14.00,12.00,14.00,12.00,9.00,14.00,14.00,14.00,12.00,14.00,15.00,13.00,15.00,13.00
93099931,Rami Al Hajj - Swedish,OB - 3F Superliga,M/AM (C),22,"£1,437,500.00","£3,400.00",14.00,14.00,13.00,12.00,11.00,16.00,15.00,13.00,12.00,13.00,14.00,12.00,14.00,12.00
19381794,Gustavinho - Brazilian,AMG - Brazilian National First Division,M/AM (RC),22,"£1,320,000.00","£2,900.00",12.00,13.00,12.00,14.00,14.00,13.00,13.00,13.00,13.00,13.00,13.00,12.00,13.00,13.00
43425127,Aldo Florenzi - Italian,Cosenza - Italian Serie B,M (C),22,"£1,100,000.00","£3,200.00",14.00,13.00,12.00,14.00,13.00,13.00,13.00,12.00,12.00,13.00,13.00,12.00,12.00,13.00
49037846,Kévin Cabral - Cape Verdean,Colorado - Major League Soccer,"M (R), AM (RL)",24,"£3,085,000.00","£27,500.00",13.00,13.00,13.00,12.00,14.00,14.00,12.00,15.00,13.00,15.00,15.00,12.00,15.00,13.00
67272882,Roberto López - Spanish,Tenerife - Spanish Second Division,"M (C), AM (RLC)",24,"£935,000.00","£8,000.00",13.00,12.00,14.00,13.00,12.00,15.00,15.00,12.00,12.00,12.00,13.00,14.00,13.00,13.00
19247695,Gustavo Ferrareis - Brazilian,Puebla - Mexican First Division,"WB (R), M (RC), AM (RLC)",28,"£935,000.00","£16,000.00",13.00,12.00,12.00,12.00,12.00,13.00,13.00,13.00,12.00,14.00,13.00,12.00,13.00,12.00
13117439,Patrick Twumasi - Ghanaian,Pafos - Cypriot First Division,"AM (RL), ST (C)",30,"£825,000.00","£6,500.00",12.00,12.00,13.00,12.00,12.00,13.00,12.00,12.00,12.00,13.00,15.00,13.00,15.00,12.00
66040880,Song Min-Kyu - South Korean,Jeonbuk - Hana 1Q K LEAGUE 1,"AM (RL), ST (C)",24,"£770,000.00","£2,700.00",13.00,12.00,13.00,12.00,9.00,13.00,12.00,12.00,13.00,13.00,12.00,12.00,13.00,13.00
43257364,Dany Mota - Luxembourger,Brianza - Italian Serie A,"AM (RLC), ST (C)",26,"£660,000.00","£7,250.00",15.00,14.00,13.00,13.00,12.00,14.00,14.00,14.00,14.00,13.00,14.00,12.00,13.00,14.00
14088578,Franco Troyansky - Argentinian,ASSE - Ligue 2 BKT,"AM (L), ST (C)",27,"£3,555,000.00","£4,400.00",13.00,14.00,14.00,14.00,13.00,14.00,12.00,13.00,13.00,12.00,13.00,13.00,12.00,13.00
75044451,Diego Valencia - Chilean,Atromitos - Greek Super League 1,"AM (RL), ST (C)",24,"£605,000.00","£6,500.00",14.00,14.00,12.00,13.00,9.00,12.00,12.00,12.00,13.00,13.00,13.00,12.00,14.00,12.00
67014203,Pablo Valcarce - Spanish,Coruña - Spanish Federation First Division A,"M (RC), AM (RLC)",31,"£385,000.00","£4,500.00",13.00,12.00,12.00,12.00,13.00,13.00,13.00,13.00,13.00,12.00,13.00,12.00,14.00,12.00
43206176,Gaetano Castrovilli - Italian,Fiorentina - Italian Serie A,M/AM (C),27,"£65,000.00","£42,500.00",13.00,12.00,12.00,16.00,11.00,15.00,15.00,15.00,12.00,13.00,14.00,12.00,13.00,15.00
19060670,Marinho - Brazilian,FOR - Brazilian National First Division,"AM (R), ST (C)",34,"£50,000.00","£18,500.00",12.00,12.00,15.00,13.00,12.00,14.00,13.00,16.00,13.00,12.00,12.00,13.00,14.00,14.00
43372893,Eddie Salcedo - Italian,Eldense - Spanish Second Division,"AM (RLC), ST (C)",22,"£67,500.00","£4,800.00",13.00,12.00,13.00,12.00,11.00,14.00,13.00,12.00,13.00,14.00,14.00,12.00,14.00,12.00
19259034,Matheus Anjos - Brazilian,ABF - Brazilian National Third Division,M/AM (C),25,"£177,500.00",£775.00,13.00,12.00,12.00,12.00,11.00,13.00,12.00,14.00,12.00,12.00,13.00,12.00,13.00,12.00
39046379,Arnór Sigurðsson - Icelandic,Blackburn - Sky Bet Championship,"M (C), AM (RLC)",25,"£138,000.00","£15,000.00",14.00,12.00,12.00,12.00,14.00,14.00,13.00,14.00,13.00,13.00,14.00,12.00,14.00,14.00
67225486,Álvaro Fidalgo - Spanish,América - Mexican First Division,"M (C), AM (LC)",27,"£2,510,000.00","£24,000.00",14.00,14.00,12.00,13.00,12.00,15.00,17.00,15.00,13.00,14.00,14.00,13.00,15.00,15.00
14137723,Gonzalo Maroni - Argentinian,Boca - Argentine Premier Division,M/AM (C),25,"£18,000.00","£4,900.00",14.00,13.00,13.00,13.00,12.00,15.00,14.00,15.00,15.00,12.00,14.00,12.00,13.00,15.00
67211743,Ernesto Gómez - Spanish,Ponferrada - Spanish Federation First Division A,M/AM (RL),29,"£88,000.00","£1,100.00",12.00,12.00,15.00,12.00,10.00,12.00,12.00,12.00,12.00,12.00,12.00,12.00,12.00,12.00
43207763,Michael Folorunsho - Nigerian,Hellas Verona - Italian Serie A,"DM, M/AM (C)",26,"£66,000.00","£12,250.00",14.00,15.00,14.00,16.00,13.00,13.00,14.00,13.00,12.00,13.00,12.00,12.00,12.00,13.00
48037719,Warren Tchimbembé - Congolese,AC Ajaccio - Ligue 2 BKT,"DM, M/AM (C)",26,£0.00,"£1,800.00",13.00,13.00,12.00,12.00,12.00,14.00,14.00,13.00,12.00,12.00,12.00,13.00,12.00,12.00
27088214,Emiliano Marcondes - Danish,FC København - 3F Superliga,"M (C), AM (LC), ST (C)",29,£0.00,"£15,000.00",13.00,12.00,12.00,12.00,13.00,15.00,13.00,14.00,14.00,13.00,13.00,12.00,14.00,14.00
67214613,Pablo Fornals - Spanish,Leicester - Sky Bet Championship,"M (C), AM (LC)",28,£0.00,"£80,000.00",15.00,15.00,12.00,15.00,14.00,15.00,15.00,13.00,12.00,12.00,12.00,13.00,15.00,14.00
12038997,Youcef Belaïli - Algerian,MC Alger - Algerian League 1,"M (L), AM (LC)",32,"£500,000,000.00","£4,200.00",13.00,12.00,12.00,12.00,13.00,15.00,14.00,14.00,13.00,13.00,13.00,13.00,13.00,15.00
53068962,Zlatko Tripic - Bosnian,Viking - Norwegian Premier Division,M/AM (RL),31,"£500,000,000.00","£1,700.00",13.00,13.00,12.00,15.00,8.00,13.00,12.00,13.00,13.00,14.00,14.00,13.00,13.00,13.00
19183260,Reis - Brazilian,Jeju - Hana 1Q K LEAGUE 1,"M/AM (LC), ST (C)",31,"£500,000,000.00","£7,000.00",14.00,13.00,13.00,14.00,12.00,14.00,12.00,14.00,12.00,12.00,13.00,12.00,13.00,12.00
92027981,Jonas Hofmann - German,Bayer 04 - Bundesliga,M/AM (RC),31,"£500,000,000.00","£82,000.00",16.00,15.00,12.00,17.00,14.00,14.00,15.00,12.00,13.00,13.00,13.00,14.00,12.00,14.00
55022422,Tozé - Portuguese,Al-Hazem - Saudi Professional League,M/AM (C),31,"£500,000,000.00","£62,000.00",12.00,13.00,13.00,12.00,14.00,14.00,13.00,13.00,12.00,12.00,13.00,14.00,12.00,14.00
76049803,Luis Díaz - Colombian,Liverpool - English Premier Division,AM (RL),27,"£500,000,000.00","£235,000.00",15.00,13.00,14.00,14.00,14.00,18.00,14.00,17.00,15.00,16.00,17.00,12.00,17.00,18.00
85100467,Sadio Mané - Senegalese,Al-Nassr (KSA) - Saudi Professional League,"AM (RLC), ST (C)",32,"£500,000,000.00","£675,000.00",16.00,13.00,14.00,14.00,13.00,16.00,13.00,16.00,14.00,15.00,15.00,12.00,15.00,14.00
19171008,Matheuzinho - Brazilian,ARN - Brazilian National Third Division,"M (L), AM (LC)",31,"£500,000,000.00","£2,000.00",13.00,12.00,13.00,12.00,12.00,14.00,13.00,14.00,12.00,13.00,13.00,12.00,13.00,13.00
55060769,Paulinho - Portuguese,Sporting CP - Portuguese Premier League,ST (C),31,"£500,000,000.00","£20,500.00",12.00,13.00,15.00,14.00,15.00,16.00,15.00,12.00,14.00,12.00,12.00,13.00,12.00,15.00
57084760,Nicuşor Bancu - Romanian,Universitatea Craiova - Romanian First League,D/WB (L),31,"£500,000,000.00","£4,400.00",13.00,13.00,13.00,15.00,13.00,13.00,14.00,12.00,12.00,13.00,12.00,14.00,13.00,13.00
98028755,Mohamed Salah - Egyptian,Liverpool - English Premier Division,"AM (RL), ST (C)",31,"£500,000,000.00","£350,000.00",17.00,15.00,17.00,15.00,15.00,17.00,15.00,16.00,16.00,17.00,18.00,14.00,16.00,17.00
67086656,Antoine Griezmann - French,A. Madrid - Spanish First Division,"M (C), AM (RLC), ST (C)",33,"£500,000,000.00","£230,000.00",16.00,14.00,14.00,14.00,12.00,17.00,16.00,16.00,14.00,13.00,14.00,15.00,14.00,16.00
19272133,Rafinha - Brazilian,The Strongest - Bolivian Premier Division,"M/AM (C), ST (C)",32,"£500,000,000.00","£4,400.00",13.00,12.00,15.00,12.00,12.00,13.00,12.00,13.00,13.00,12.00,13.00,12.00,14.00,13.00
19136133,Rafael Gava - Brazilian,AVA - Brazilian National Second Division,M/AM (C),31,"£500,000,000.00","£5,500.00",12.00,13.00,12.00,13.00,12.00,12.00,12.00,12.00,12.00,13.00,13.00,12.00,13.00,13.00
14061320,Maximiliano Meza - Argentinian,Monterrey - Mexican First Division,"M (C), AM (RC)",32,"£500,000,000.00","£25,000.00",17.00,13.00,12.00,13.00,14.00,16.00,14.00,15.00,12.00,13.00,14.00,12.00,15.00,14.00
55041632,Bernardo Silva - Portuguese,Man City - English Premier Division,M/AM (RC),29,"£500,000,000.00","£250,000.00",17.00,17.00,16.00,20.00,16.00,18.00,18.00,16.00,15.00,14.00,15.00,15.00,19.00,17.00
,,,,,#VALUE!,,,,,,,,,,,,,,,
,,,,,#VALUE!,,,,,,,,,,,,,,,
,,,,,#VALUE!,,,,,,,,,,,,,,,
,,,,,#VALUE!,,,,,,,,,,,,,,,
,,,,,#VALUE!,,,,,,,,,,,,,,,
,,,,,#VALUE!,,,,,,,,,,,,,,,
,,,,,#VALUE!,,,,,,,,,,,,,,,
,,,,,#VALUE!,,,,,,,,,,,,,,,
,,,,,#VALUE!,,,,,,,,,,,,,,,
,,,,,#VALUE!,,,,,,,,,,,,,,,
,,,,,#VALUE!,,,,,,,,,,,,,,,
,,,,,#VALUE!,,,,,,,,,,,,,,,
,,,,,#VALUE!,,,,,,,,,,,,,,,
,,,,,#VALUE!,,,,,,,,,,,,,,,
,,,,,#VALUE!,,,,,,,,,,,,,,,
,,,,,#VALUE!,,,,,,,,,,,,,,,
,,,,,#VALUE!,,,,,,,,,,,,,,,
,,,,,#VALUE!,,,,,,,,,,,,,,,
,,,,,#VALUE!,,,,,,,,,,,,,,,
,,,,,#VALUE!,,,,,,,,,,,,,,,
,,,,,#VALUE!,,,,,,,,,,,,,,,
,,,,,#VALUE!,,,,,,,,,,,,,,,
,,,,,#VALUE!,,,,,,,,,,,,,,,
,,,,,#VALUE!,,,,,,,,,,,,,,,
,,,,,#VALUE!,,,,,,,,,,,,,,,
,,,,,#VALUE!,,,,,,,,,,,,,,,
,,,,,#VALUE!,,,,,,,,,,,,,,,